{
  "hard": {
    "precision": [
      0.9437100682959421,
      0.8962789661309087,
      0.9203924629268364,
      0.8756257648226992,
      0.8782826631787313,
      0.8618759282521856,
      0.9596720584966101,
      0.9385807320896714,
      0.9275409836055436,
      0.8897058823519499
    ],
    "recall": [
      0.9518888888878312,
      0.8938888888878956,
      0.917222222221203,
      0.8745555555545838,
      0.8955555555545605,
      0.8382222222212908,
      0.962444444443375,
      0.9287777777767457,
      0.9429999999989521,
      0.8873333333323473
    ],
    "f1": [
      0.9477818292727473,
      0.8950823269972329,
      0.9188046029348818,
      0.8750903279802953,
      0.886835006277487,
      0.8498845215589019,
      0.9610562470792725,
      0.9336535189575446,
      0.9352066065695588,
      0.888518019031063
    ],
    "accuracy": 0.9092888888888889,
    "macro_precision": 0.9091665510151078,
    "macro_recall": 0.9092888888878784,
    "macro_f1": 0.9091913006658985
  },
  "soft": {
    "precision": [
      0.9486895941601805,
      0.8997205142527671,
      0.9250084071282086,
      0.8805919946172434,
      0.881465281573667,
      0.8602040816316777,
      0.957730934774354,
      0.9370316519394507,
      0.9270390939769932,
      0.8878297495002351
    ],
    "recall": [
      0.953222222221163,
      0.8942222222212286,
      0.91688888888787,
      0.8726666666656969,
      0.8956666666656714,
      0.8429999999990633,
      0.9642222222211507,
      0.9308888888878545,
      0.9458888888878378,
      0.889999999999011
    ],
    "f1": [
      0.9509505021208499,
      0.8969629373228144,
      0.9209307466312328,
      0.8766114130470058,
      0.8885092261925062,
      0.851515146514706,
      0.9609656115207801,
      0.9339501650006851,
      0.9363691310056361,
      0.8889135451044476
    ],
    "accuracy": 0.9106666666666666,
    "macro_precision": 0.9105311303554776,
    "macro_recall": 0.9106666666656548,
    "macro_f1": 0.9105678424460664
  },
  "weighted": {
    "precision": [
      0.9486895941601805,
      0.8997205142527671,
      0.9250084071282086,
      0.8805919946172434,
      0.881465281573667,
      0.8602040816316777,
      0.957730934774354,
      0.9370316519394507,
      0.9270390939769932,
      0.8878297495002351
    ],
    "recall": [
      0.953222222221163,
      0.8942222222212286,
      0.91688888888787,
      0.8726666666656969,
      0.8956666666656714,
      0.8429999999990633,
      0.9642222222211507,
      0.9308888888878545,
      0.9458888888878378,
      0.889999999999011
    ],
    "f1": [
      0.9509505021208499,
      0.8969629373228144,
      0.9209307466312328,
      0.8766114130470058,
      0.8885092261925062,
      0.851515146514706,
      0.9609656115207801,
      0.9339501650006851,
      0.9363691310056361,
      0.8889135451044476
    ],
    "accuracy": 0.9106666666666666,
    "macro_precision": 0.9105311303554776,
    "macro_recall": 0.9106666666656548,
    "macro_f1": 0.9105678424460664
  },
  "stacking": {
    "logreg": {
      "precision": [
        0.9515340151167724,
        0.9013784601581291,
        0.9223138653578663,
        0.8739337542917093,
        0.8832108783848193,
        0.8511279874906732,
        0.9642976681903778,
        0.9386447915485575,
        0.9321978021967777,
        0.8865922405207398
      ],
      "recall": [
        0.9511111111100542,
        0.8936666666656736,
        0.9194444444434228,
        0.8765555555545815,
        0.8948888888878945,
        0.8467777777768368,
        0.9603333333322662,
        0.9281111111100798,
        0.9425555555545082,
        0.8912222222212319
      ],
      "f1": [
        0.9513225111136352,
        0.89750599287891,
        0.9208769146517806,
        0.8752426865173182,
        0.8890115298521511,
        0.8489473047907771,
        0.9623114129135519,
        0.9333482267439066,
        0.9373480612974594,
        0.8889011974149628
      ],
      "accuracy": 0.9104666666666666,
      "macro_precision": 0.9105231463256421,
      "macro_recall": 0.910466666665655,
      "macro_f1": 0.9104815838174453
    },
    "ridge": {
      "precision": [
        0.9481842338342026,
        0.8993963782686123,
        0.9246759052291855,
        0.8802998098211429,
        0.8833442766460019,
        0.8610038610028832,
        0.9584668065823941,
        0.9372132064902773,
        0.9261518353110486,
        0.888051429837189
      ],
      "recall": [
        0.9515555555544982,
        0.8939999999990066,
        0.9193333333323118,
        0.8743333333323617,
        0.8968888888878923,
        0.8424444444435083,
        0.9641111111100398,
        0.9304444444434106,
        0.9447777777767279,
        0.890222222221233
      ],
      "f1": [
        0.9498668982820145,
        0.8966900652096778,
        0.9219968748742094,
        0.8773064223361664,
        0.8900650517861642,
        0.8516230434102849,
        0.9612806685712374,
        0.9338165547982996,
        0.9353720867435951,
        0.8891354960532878
      ],
      "accuracy": 0.9108111111111111,
      "macro_precision": 0.9106787743022936,
      "macro_recall": 0.910811111110099,
      "macro_f1": 0.9107153162064936
    },
    "rf": {
      "precision": [
        0.9492914083249011,
        0.8993745811917585,
        0.9179005524851735,
        0.8735861610103419,
        0.8862209494427952,
        0.860604688029826,
        0.9626990312872032,
        0.9373601789698687,
        0.9339435377140118,
        0.8860395711275715
      ],
      "recall": [
        0.9526666666656081,
        0.8947777777767835,
        0.9229999999989743,
        0.8753333333323606,
        0.8939999999990066,
        0.8444444444435061,
        0.9606666666655992,
        0.9311111111100765,
        0.9409999999989543,
        0.890666666665677
      ],
      "f1": [
        0.9509760375899105,
        0.8970702857420434,
        0.9204432082954174,
        0.8744588694579087,
        0.8900934736207159,
        0.852447978847847,
        0.961681770206099,
        0.9342251900937748,
        0.9374584851473616,
        0.8883470886988333
      ],
      "accuracy": 0.9107666666666666,
      "macro_precision": 0.9107020659583451,
      "macro_recall": 0.9107666666656546,
      "macro_f1": 0.9107202387699911
    },
    "gb": {
      "precision": [
        0.9475672072862168,
        0.8917691370323565,
        0.9175543719474949,
        0.8681597528675329,
        0.8824115044238026,
        0.8609301794070837,
        0.9559213433484799,
        0.9296197464966314,
        0.9324922532083526,
        0.8839503436035424
      ],
      "recall": [
        0.9477777777767246,
        0.8944444444434505,
        0.9187777777767568,
        0.8743333333323617,
        0.8863333333323484,
        0.8371111111101809,
        0.9614444444433761,
        0.9289999999989677,
        0.9362222222211819,
        0.8861111111101264
      ],
      "f1": [
        0.9476724758344099,
        0.8931047822625694,
        0.9181656623318719,
        0.8712356017307191,
        0.8843680659524809,
        0.8488535807135084,
        0.9586749340639028,
        0.9293097649222752,
        0.9343535101908224,
        0.8850294034997466
      ],
      "accuracy": 0.9071555555555556,
      "macro_precision": 0.9070375839621493,
      "macro_recall": 0.9071555555545476,
      "macro_f1": 0.9070767781502307
    },
    "svm": {
      "precision": [
        0.9488372093012747,
        0.9008153691489993,
        0.9210087768015541,
        0.8773984828191906,
        0.8839657819687606,
        0.8618338825123715,
        0.9579423777448305,
        0.9367880276960723,
        0.9326139616814219,
        0.8873644611629924
      ],