{
  "config": {
    "model": "cnn",
    "lr": 0.00046082521043368826,
    "weight_decay": 3.600654215799517e-05,
    "dropout": 0.3,
    "batch_size": 64,
    "few_shot_k": 20
  },
  "runs": [
    {
      "logs": {
        "train_loss": [
          2.3192374324798584,
          2.252913112640381,
          2.193467197418213,
          2.12111704826355,
          2.1107080078125,
          2.0483193588256836,
          2.0790178871154783,
          2.0225529050827027,
          2.001316785812378,
          2.006493148803711,
          1.9662595081329346,
          1.9751717376708984,
          1.9400264167785644,
          1.9190982246398927,
          1.8625422382354737,
          1.9372529411315917,
          1.8532191276550294,
          1.8870744228363037,
          1.900216178894043,
          1.8518102836608887,
          1.8138224506378173,
          1.818201060295105,
          1.861619176864624,
          1.7630729913711547,
          1.7922655391693114,
          1.8359649991989135,
          1.7703298091888429,
          1.7186680698394776,
          1.7480953407287598,
          1.681549882888794,
          1.7472882080078125,
          1.664138994216919,
          1.6829894828796386,
          1.6462807178497314,
          1.6523516082763672,
          1.6725649166107177,
          1.6667828369140625,
          1.7051381587982177,
          1.6542825317382812
        ],
        "val_loss": [
          2.3026979945288764,
          2.3032986917707654,
          2.2955400999705,
          2.2430918711768255,
          2.1981347458309597,
          2.1230751661936442,
          2.0594161564721003,
          2.0214873399946423,
          2.1645789202372234,
          2.210262951956855,
          2.408602030520969,
          2.1282866985956828,
          2.0396526414023506,
          2.014449091381497,
          1.9870032187779745,
          1.994700974782308,
          2.040953593190511,
          1.9880707392162746,
          2.0517884768803913,
          2.00088800845676,
          1.9784427095625137,
          2.0043995282491047,
          2.0496130527072483,
          2.03268637775845,
          2.0832249224132964,
          2.0877654235627916,
          2.0150278928756715,
          2.026854467667474,
          1.9685853876537747,
          2.0124000073962742,
          2.0582798630396524,
          2.035284459431966,
          2.027295224550035,
          2.046375897767809,
          2.0256260915968154,
          1.9960881332185534,
          1.9928309281243217,
          1.9992090355555217,
          1.980756088511149
        ],
        "val_acc": [
          0.1,
          0.1,
          0.11866666666666667,
          0.1418,
          0.14643333333333333,
          0.18927777777777777,
          0.22597777777777778,
          0.2551222222222222,
          0.20471111111111112,
          0.2257111111111111,
          0.22218888888888888,
          0.25322222222222224,
          0.2697222222222222,
          0.2677,
          0.2728111111111111,
          0.27863333333333334,
          0.26586666666666664,
          0.2821444444444444,
          0.28265555555555555,
          0.2835888888888889,
          0.28954444444444444,
          0.29952222222222225,
          0.26676666666666665,
          0.2829,
          0.2809111111111111,
          0.27215555555555554,
          0.30987777777777775,
          0.2985333333333333,
          0.3048,
          0.29512222222222223,
          0.29038888888888886,
          0.30365555555555557,
          0.31412222222222225,
          0.31212222222222225,
          0.3091,
          0.31295555555555554,
          0.3086111111111111,
          0.3134888888888889,
          0.3263888888888889
        ]
      },
      "val": {
        "precision": [
          0.4211659744651429,
          0.32059030217827084,
          0.2981326464897034,
          0.23033336481232378,
          0.20353757078309884,
          0.2861586314144993,
          0.28438789546030885,
          0.32206346569170785,
          0.2754201082304887,
          0.39763924750965496
        ],
        "recall": [
          0.6084444444437683,
          0.5068888888883256,
          0.10288888888877457,
          0.27099999999969887,
          0.3554444444440495,
          0.12266666666653037,
          0.18377777777757356,
          0.4307777777772991,
          0.10744444444432505,
          0.35933333333293405
        ],
        "f1": [
          0.49777292489863273,
          0.3927679677025206,
          0.15298198858540255,
          0.24901730066335673,
          0.2588501794528769,
          0.17172188100701255,
          0.2232721334595565,
          0.36857115205799723,
          0.15458396207201355,
          0.3775170673289453
        ],
        "accuracy": 0.3048666666666667,
        "macro_precision": 0.3039429207035199,
        "macro_recall": 0.3048666666663279,
        "macro_f1": 0.28470565572283146
      },
      "test": {
        "precision": [
          0.41941585956384725,
          0.3231309231306963,
          0.28674069235699956,
          0.22189849624039293,
          0.2080947171995315,
          0.28929503916373556,
          0.2866941015084247,
          0.3146870379494704,
          0.2480642385998048,
          0.400852878464316
        ],
        "recall": [
          0.6158888888882045,
          0.5114444444438762,
          0.09755555555544715,
          0.2623333333330418,
          0.35933333333293405,
          0.12311111111097431,
          0.18577777777757135,
          0.4256666666661937,
          0.09611111111100432,
          0.3551111111107165
        ],
        "f1": [
          0.4990097179019823,
          0.39604215485844213,
          0.14558116019757708,
          0.24042769360895713,
          0.2635589375333813,
          0.17272018287319638,
          0.22545846340471903,
          0.3618588786484221,
          0.138544081823669,
          0.3765981214539667
        ],
        "accuracy": 0.30323333333333335,
        "macro_precision": 0.2998873984177219,
        "macro_recall": 0.30323333333299646,
        "macro_f1": 0.28197993923043135
      }
    },
    {
      "logs": {
        "train_loss": [
          2.3316881370544436,
          2.2652140426635743,
          2.1901008892059326,
          2.141508493423462,
          2.097407760620117,
          2.076358642578125,
          2.14160532951355,
          2.112890214920044,
          2.071839246749878,
          1.978579692840576,
          2.0205893898010254,
          1.9841077184677125,
          1.9665673637390138,
          1.9498930835723878,
          1.9038073921203613,
          1.9090348720550536,
          1.9380924367904664,
          1.9218100833892822,
          1.8830935096740722,
          1.8322126960754395,
          1.8849126243591308,
          1.8975680303573608,
          1.8584774589538575,
          1.8342531776428224,
          1.836955223083496,
          1.779609293937683,
          1.7813404846191405,
          1.7724668884277344,
          1.7201811981201172
        ],
        "val_loss": [
          2.302708381398519,
          2.304277023018731,
          2.301754023445977,
          2.273489817852444,
          2.181126031748454,
          2.2263030527326797,
          2.1434479387495253,
          2.1143240170796713,
          2.0529175313101873,
          2.0613464971754287,
          2.057322714699639,
          2.076450364833408,
          2.0409425902048746,
          2.053479266442193,
          2.075855031458537,
          2.0362768446180555,
          2.063551962216695,
          1.988504691865709,
          1.9768781137678357,
          2.0096090632120767,
          2.1447570858213636,
          2.0660644836425783,
          2.0353545258839927,
          2.0246817814721,
          2.012211590109931,
          1.9917835030873616,
          2.056982304255168,
          2.1197811811659073,
          2.106942463853624
        ],