{
  "config": {
    "model": "resnet18",
    "lr": 4.3178586365738596e-05,
    "weight_decay": 2.5129077755095298e-06,
    "dropout": 0.3,
    "batch_size": 64,
    "few_shot_k": 20
  },
  "runs": [
    {
      "logs": {
        "train_loss": [
          2.5124588012695312,
          2.375998239517212,
          2.180466012954712,
          1.9374515438079833,
          1.7960275316238403,
          1.7027879810333253,
          1.6275191020965576,
          1.5002374458312988,
          1.3668300580978394,
          1.3311744165420532,
          1.211964430809021,
          1.1896824359893798,
          1.088660159111023,
          0.9993351745605469,
          0.9363608646392823,
          0.912800645828247,
          0.8576988172531128,
          0.8059187126159668,
          0.7817563652992249,
          0.7458134508132934,
          0.7290637040138245,
          0.6987445259094238,
          0.6690667009353638,
          0.6423308539390564,
          0.641643385887146,
          0.6309474611282349,
          0.6148117971420288,
          0.5874863076210022,
          0.6030763530731201,
          0.6163644981384278,
          0.6016511821746826,
          0.581950352191925,
          0.5755638098716735,
          0.5753921604156494,
          0.5801940202713013,
          0.5634593439102172
        ],
        "val_loss": [
          2.3797785872565376,
          2.2645669442706637,
          2.1403579731411404,
          2.0328733756171333,
          1.9256559631347656,
          1.849156845135159,
          1.7829335954878065,
          1.7303939143710667,
          1.6853947237650553,
          1.6498638406541613,
          1.601091379653083,
          1.558252200931973,
          1.5267740794711642,
          1.5051793193181355,
          1.4946154848946465,
          1.4773485489103528,
          1.4727838167190552,
          1.4715557689878676,
          1.4621215917163426,
          1.4596292192671034,
          1.4393974635865954,
          1.4376998573727078,
          1.430321496412489,
          1.4318395591523911,
          1.4347701040903726,
          1.4270769315719605,
          1.437915906821357,
          1.4423842198477852,
          1.4410658692465887,
          1.4560984290017023,
          1.4633277875264485,
          1.4432852939605714,
          1.437451928922865,
          1.4314627681732177,
          1.4423860315110948,
          1.4494790779537625
        ],
        "val_acc": [
          0.11778888888888889,
          0.15934444444444446,
          0.21458888888888888,
          0.27132222222222224,
          0.3435111111111111,
          0.3857333333333333,
          0.42383333333333334,
          0.4543,
          0.4759555555555556,
          0.49235555555555555,
          0.5136444444444445,
          0.5341111111111111,
          0.5471777777777778,
          0.5525444444444444,
          0.5561,
          0.5632888888888888,
          0.5644222222222223,
          0.5634111111111111,
          0.5683333333333334,
          0.5702,
          0.5795666666666667,
          0.5805555555555556,
          0.5863444444444444,
          0.5846111111111111,
          0.5840888888888889,
          0.5882777777777778,
          0.5837888888888889,
          0.5823666666666667,
          0.5852777777777778,
          0.5800222222222222,
          0.5770777777777778,
          0.5860888888888889,
          0.5890888888888889,
          0.5927666666666667,
          0.5880111111111112,
          0.5868333333333333
        ]
      },
      "val": {
        "precision": [
          0.8197228773572822,
          0.7358242336524986,
          0.6556003223196526,
          0.41811926605456634,
          0.5135135135127713,
          0.49534616855731817,
          0.7175903018298891,
          0.4864700311185993,
          0.5861246214549085,
          0.595314426633296
        ],
        "recall": [
          0.6178888888882023,
          0.6214444444437539,
          0.45199999999949775,
          0.40511111111066095,
          0.3947777777773391,
          0.43166666666618697,
          0.6445555555548393,
          0.7989999999991122,
          0.7096666666658781,
          0.8046666666657725
        ],
        "f1": [
          0.7046376028016655,
          0.6738148254665989,
          0.5350871375556198,
          0.4115124103506711,
          0.4463848182521677,
          0.4613192374382926,
          0.6791149563809404,
          0.604743078298993,
          0.6420063276577609,
          0.6843373445087537
        ],
        "accuracy": 0.5880777777777778,
        "macro_precision": 0.6023625762490783,
        "macro_recall": 0.5880777777771243,
        "macro_f1": 0.5842957738711464
      },
      "test": {
        "precision": [
          0.8142564402798387,
          0.7267857142847872,
          0.6522156454956771,
          0.4124346310279925,
          0.5229214122999389,
          0.498901950651726,
          0.7088828066674435,
          0.4879285859197349,
          0.5826302274389373,
          0.5965937552174013
        ],
        "recall": [
          0.6181111111104243,
          0.6331111111104076,
          0.45299999999949664,
          0.39433333333289516,
          0.4081111111106576,
          0.42911111111063427,
          0.6331111111104076,
          0.8016666666657759,
          0.7058888888881045,
          0.7939999999991177
        ],
        "f1": [
          0.7027539112121244,
          0.6767220852842037,
          0.5346534605082848,
          0.40318090951498153,
          0.4584373390594848,
          0.4613822302585977,
          0.668857842180315,
          0.6066338709417873,
          0.6383641429550798,
          0.6812851509776973
        ],
        "accuracy": 0.5870444444444445,
        "macro_precision": 0.6003551169283476,
        "macro_recall": 0.587044444443792,
        "macro_f1": 0.5832270942892557
      }
    },
    {
      "logs": {
        "train_loss": [
          2.4981206035614014,
          2.3216053104400634,
          2.142395782470703,
          1.985873246192932,
          1.861901798248291,
          1.766157693862915,
          1.5996425437927246,
          1.5317095136642456,
          1.468652892112732,
          1.3210842990875244,
          1.2527530574798584,
          1.205176544189453,
          1.1113181734085082,
          1.0340593957901,
          0.9729257488250732,
          0.9409584045410156,
          0.855595121383667,
          0.8555912733078003,
          0.8393715476989746,
          0.8073897171020508,
          0.7437474155426025,
          0.7184679079055786,
          0.6839927911758423,
          0.6595457124710083,
          0.6438751554489136,
          0.6306584978103638,
          0.6449557876586914,
          0.6094458127021789,
          0.612290461063385,
          0.5895280122756958,
          0.5766774129867553,
          0.5939107489585876,
          0.5745073175430297,
          0.5796063423156739,
          0.5868422603607177,
          0.5689934253692627
        ],