{
  "config": {
    "model": "resnet18",
    "lr": 4.3178586365738596e-05,
    "weight_decay": 2.5129077755095298e-06,
    "dropout": 0.3,
    "batch_size": 64,
    "augmentation": false,
    "mix_type": null
  },
  "runs": [
    {
      "logs": {
        "train_loss": [
          1.0284382612016465,
          0.8005769911872016,
          0.6941793869760301,
          0.6195000621159872,
          0.5787320953792996,
          0.5558301954693264,
          0.5433658508300782
        ],
        "val_loss": [
          0.8572865355173747,
          0.8166848196665446,
          0.8231688348876105,
          0.8260011827256944,
          0.8241199822955662,
          0.8168653063880073,
          0.8179864272435506
        ],
        "val_acc": [
          0.8550666666666666,
          0.8728888888888889,
          0.8737111111111111,
          0.8732444444444445,
          0.8739111111111111,
          0.8757,
          0.8741666666666666
        ]
      },
      "val": {
        "precision": [
          0.9318334452642356,
          0.8687072541755031,
          0.9102473498222493,
          0.8371256094719791,
          0.872332730559527,
          0.7825376062777604,
          0.8899979629243328,
          0.8726658930257699,
          0.9131197893803058,
          0.8506713240903278
        ],
        "recall": [
          0.9249999999989721,
          0.8608888888879322,
          0.8586666666657126,
          0.8012222222213319,
          0.8039999999991065,
          0.7976666666657803,
          0.97088888888781,
          0.9191111111100898,
          0.9248888888878611,
          0.8658888888879267
        ],
        "f1": [
          0.9284041435436962,
          0.8647803956911398,
          0.8837049692742529,
          0.8187805105005064,
          0.8367736290056058,
          0.7900297077760827,
          0.9286852963157197,
          0.8952865364819079,
          0.9189666543058806,
          0.8582126484876919
        ],
        "accuracy": 0.8728222222222223,
        "macro_precision": 0.8729238964991991,
        "macro_recall": 0.8728222222212523,
        "macro_f1": 0.8723624491382485
      },
      "test": {
        "precision": [
          0.9320508493633343,
          0.8639119694578217,
          0.9075689695815755,
          0.8347355076629771,
          0.866658736765949,
          0.777196994445413,
          0.8924154987624768,
          0.8720016981523327,
          0.9054363220384514,
          0.8489782537418326
        ],
        "recall": [
          0.9205555555545326,
          0.8548888888879389,
          0.8553333333323829,
          0.8047777777768835,
          0.809555555554656,
          0.7929999999991189,
          0.962222222221153,
          0.9128888888878745,
          0.9234444444434183,
          0.863222222221263
        ],
        "f1": [
          0.9262675337100965,
          0.859376740224242,
          0.8806772630505165,
          0.8194829389391933,
          0.837134481131112,
          0.7850189687663481,
          0.9260051275980522,
          0.8919769790424761,
          0.914351719516779,
          0.8560409844765666
        ],
        "accuracy": 0.8699888888888889,
        "macro_precision": 0.8700954799972163,
        "macro_recall": 0.869988888887922,
        "macro_f1": 0.8696332736455382
      }
    },
    {
      "logs": {
        "train_loss": [
          1.0283958124372694,
          0.8013131185743544,
          0.6937056622081332,
          0.6194189209408231,
          0.57763582833608,
          0.5560839522891574,
          0.5433948470433553,
          0.5344984528435601,
          0.5286956570307414,
          0.5242298295550876,
          0.5206631162961324,
          0.5181580853250292,
          0.5163370176527236,
          0.5146348367479112,
          0.5135058197551303
        ],
        "val_loss": [
          0.8556292847951253,
          0.8275264374838935,
          0.8190031275855171,
          0.8228198001437717,
          0.8249792936325073,
          0.817293726348877,
          0.8169406467119853,
          0.8096043305926853,
          0.8110538278049892,
          0.8061596961127387,
          0.8108269153383043,
          0.8084840915891859,
          0.8125785493850708,
          0.8079536578496297,
          0.8147809708489312
        ],
        "val_acc": [
          0.8550777777777778,
          0.8670888888888889,
          0.8738777777777778,
          0.8738444444444444,
          0.8737222222222222,
          0.8753333333333333,
          0.8739888888888889,
          0.8749444444444444,
          0.8737,
          0.8754555555555555,
          0.8739,
          0.8743666666666666,
          0.8727444444444444,
          0.8740555555555556,
          0.8724666666666666
        ]
      },
      "val": {
        "precision": [
          0.9302584670221364,
          0.8539841914111792,
          0.860065726703212,
          0.8219959722523807,
          0.8511817256577505,
          0.7982525814129147,
          0.9315978651552863,
          0.9200598113631009,
          0.9098414795234369,
          0.8770170585513173
        ],
        "recall": [
          0.9277777777767469,
          0.8883333333323462,
          0.9014444444434427,
          0.8163333333324262,
          0.836333333332404,
          0.7816666666657981,
          0.9503333333322773,
          0.8887777777767901,
          0.9183333333323129,
          0.845444444443505
        ],
        "f1": [
          0.9290164613986194,
          0.8708201670955379,
          0.8802690776253594,
          0.8191548617624422,
          0.8436921992251882,
          0.7898725599802963,
          0.940872334254727,
          0.9041482938588434,
          0.9140676791397738,
          0.8609413844553335
        ],
        "accuracy": 0.8754777777777778,
        "macro_precision": 0.8754254879052716,
        "macro_recall": 0.875477777776805,
        "macro_f1": 0.8752855018796121
      },
      "test": {
        "precision": [
          0.9323090625685455,
          0.8505072076872925,
          0.857248912927291,
          0.8189263973427571,
          0.8463269209125364,
          0.8006375953537508,
          0.9340756256190782,
          0.9205763688750194,
          0.9090708696121359,
          0.873764083696397
        ],
        "recall": [
          0.9304444444434106,
          0.8849999999990166,
          0.8981111111101131,
          0.8221111111101976,
          0.8358888888879601,
          0.7813333333324651,
          0.9414444444433984,
          0.8873333333323473,
          0.9164444444434261,
          0.8444444444435061
        ],
        "f1": [
          0.9313758152636783,
          0.867410830830053,
          0.8772044011008404,
          0.8205156589858015,
          0.8410755162693064,
          0.790867677618086,
          0.9377455541822611,
          0.9036492170657316,
          0.9127427604502971,
          0.8588541028092772
        ],
        "accuracy": 0.8742555555555556,
        "macro_precision": 0.8743443044594803,
        "macro_recall": 0.874255555554584,
        "macro_f1": 0.8741441534575334
      }
    },
    {
      "logs": {
        "train_loss": [
          1.0326469313727484,
          0.8036530403349135,
          0.6952176218350729,
          0.6195373469670613,
          0.5772686276541816,
          0.5552080080456204,
          0.5429572056664361,
          0.5340926293267144,
          0.5282156266106499,
          0.5233356316142612,
          0.5199420707702637,
          0.5180568599912856,
          0.515963942697313,
          0.5143309372795952
        ],