{
  "config": {
    "model": "resnet18",
    "lr": 4.3178586365738596e-05,
    "weight_decay": 2.5129077755095298e-06,
    "dropout": 0.3,
    "batch_size": 64,
    "augmentation": true,
    "mix_type": "both"
  },
  "runs": [
    {
      "logs": {
        "train_loss": [
          1.418385769091712,
          1.2374764638900757,
          1.1778737501356338,
          1.1677745354122586,
          1.127772918955485,
          1.0936201928244698,
          1.0994531698015002,
          1.0551888306935628,
          1.055464347712199,
          1.0433355391608343,
          1.02670657526652,
          1.0167577652189466,
          1.0046239346610175,
          0.9871676701227824,
          0.9921310231102838,
          0.9863033855862088,
          0.971765243212382,
          0.9655835773891873,
          0.9379463845570882,
          0.9233559777577718,
          0.9597989968193902,
          0.9439346667395697,
          0.9449871635225084,
          0.9278555803934733,
          0.9421542560365465
        ],
        "val_loss": [
          0.8905110571331448,
          0.8491366038004557,
          0.8268652084986369,
          0.8084829427083333,
          0.8010183635499742,
          0.7936844903733995,
          0.7876390376620822,
          0.7767563814163208,
          0.7765153023613823,
          0.7744750420146518,
          0.794098573451572,
          0.791937835015191,
          0.7984487080044217,
          0.782321863577101,
          0.7695758941544427,
          0.7716818928612603,
          0.7794119564692179,
          0.7894810310363769,
          0.7845761786990696,
          0.7679747855080499,
          0.7818631292978923,
          0.7777495480007596,
          0.7886550860510932,
          0.7707818235821194,
          0.7726265488412645
        ],
        "val_acc": [
          0.8404888888888888,
          0.8607888888888889,
          0.8702444444444445,
          0.8778111111111111,
          0.8815666666666667,
          0.8835,
          0.8855,
          0.8891333333333333,
          0.8902222222222222,
          0.8908111111111111,
          0.8907333333333334,
          0.8928333333333334,
          0.8931333333333333,
          0.8917555555555555,
          0.8922666666666667,
          0.8928888888888888,
          0.8914777777777778,
          0.8908,
          0.8926333333333333,
          0.8932666666666667,
          0.8939222222222222,
          0.8933666666666666,
          0.8937888888888889,
          0.8962222222222223,
          0.8957777777777778
        ]
      },
      "val": {
        "precision": [
          0.9423950371098455,
          0.8668078348323273,
          0.8911320959504058,
          0.8778635157934918,
          0.8200524510784546,
          0.8370489542624258,
          0.9407140517513476,
          0.9472323422247652,
          0.9164411732861603,
          0.9000941397965402
        ],
        "recall": [
          0.9452222222211719,
          0.9096666666656559,
          0.9122222222212085,
          0.808999999999101,
          0.9033333333323296,
          0.809333333332434,
          0.9573333333322696,
          0.8955555555545605,
          0.9407777777767324,
          0.8498888888879444
        ],
        "f1": [
          0.943806507452506,
          0.8877202443920265,
          0.9015538301723728,
          0.8420261312395781,
          0.8596806548394653,
          0.8229578528696545,
          0.9489509284207822,
          0.9206693650411464,
          0.9284500196722458,
          0.8742713402997213
        ],
        "accuracy": 0.8932333333333333,
        "macro_precision": 0.8939781596085764,
        "macro_recall": 0.8932333333323408,
        "macro_f1": 0.89300868743995
      },
      "test": {
        "precision": [
          0.9402041269126467,
          0.8639846743285823,
          0.8927564519617297,
          0.8738512949028835,
          0.8226380555264693,
          0.8348863636354148,
          0.9427254772866548,
          0.9496751328990553,
          0.9124309092869703,
          0.8911111111100688
        ],
        "recall": [
          0.9416666666656203,
          0.9019999999989977,
          0.9147777777767613,
          0.8135555555546515,
          0.898777777776779,
          0.8163333333324262,
          0.9546666666656058,
          0.8932222222212297,
          0.935444444443405,
          0.8465555555546148
        ],
        "f1": [
          0.9409348234657064,
          0.8825831652557605,
          0.9036329661335447,
          0.8426261530122042,
          0.8590240485319408,
          0.8255056129772317,
          0.9486584911899422,
          0.9205840201968812,
          0.9237943659878565,
          0.868262103264406
        ],
        "accuracy": 0.8917,
        "macro_precision": 0.8924263597850475,
        "macro_recall": 0.8916999999990092,
        "macro_f1": 0.8915605750015475
      }
    },
    {
      "logs": {
        "train_loss": [
          1.4153958509657119,
          1.2540615509880915,
          1.1841221147113377,
          1.1717704500198365,
          1.138540608851115,
          1.1080913563198513,
          1.0948060706032647,
          1.0768494680192735,
          1.0248476691775852,
          1.05030670164956,
          1.0319341147740682,
          1.0094917983690899,
          0.9985704275767009,
          0.9921969197591146,
          1.004081781387329,
          0.9812632411956788,
          0.986888587305281
        ],
        "val_loss": [
          0.9019492448594835,
          0.8466152964486016,
          0.8266548049290975,
          0.8046738526026408,
          0.8111156364123027,
          0.794178609169854,
          0.7828973290655348,
          0.7932378498925103,
          0.7806607041570875,
          0.7784225895351834,
          0.7885691476927863,
          0.7722765897750854,
          0.7799255053414239,
          0.7840907894558377,
          0.7866810883627997,
          0.7785671690622965,
          0.7863132798724705
        ],
        "val_acc": [
          0.8355,
          0.8628777777777777,
          0.8701444444444445,
          0.8773333333333333,
          0.8801555555555556,
          0.8825555555555555,
          0.8868666666666667,
          0.8877333333333334,
          0.8889555555555556,
          0.8891,
          0.8902888888888889,
          0.8903777777777778,
          0.8928666666666667,
          0.8924333333333333,
          0.8881333333333333,
          0.8933222222222222,
          0.8924777777777778
        ]
      },
      "val": {
        "precision": [
          0.899245633976543,
          0.8457392719129084,
          0.925536881418154,
          0.8343020067980761,
          0.8812637426213618,
          0.793907563024376,
          0.9555058691996025,
          0.9202109751981593,
          0.9510831586292207,
          0.9127942431992769
        ],
        "recall": [
          0.9668888888878144,
          0.9241111111100843,
          0.8811111111101321,
          0.845333333332394,
          0.8461111111101709,
          0.8397777777768446,
          0.9496666666656114,
          0.9111111111100987,
          0.9073333333323251,
          0.8315555555546316
        ],
        "f1": [
          0.9318412971418891,
          0.8831899705849522,
          0.9027777727797734,
          0.8397814398913908,
          0.8633297382129279,
          0.816198699106732,
          0.9525773145866141,
          0.9156384294807045,
          0.9286932737461706,
          0.8702831510072747
        ],
        "accuracy": 0.8903,
        "macro_precision": 0.8919589345977679,
        "macro_recall": 0.8902999999990107,
        "macro_f1": 0.890431108653843
      },