{
  "config": {
    "model": "resnet18",
    "lr": 4.3178586365738596e-05,
    "weight_decay": 2.5129077755095298e-06,
    "dropout": 0.3,
    "batch_size": 64,
    "augmentation": false,
    "mix_type": "cutmix"
  },
  "runs": [
    {
      "logs": {
        "train_loss": [
          1.359646164279514,
          1.1939566912121242,
          1.107990781317817,
          1.0486096357981365,
          0.9918555547290379,
          0.9783980194303724,
          0.94946027569241,
          0.9366874081717597,
          0.9280751244968838,
          0.9151320912255181,
          0.8993063801023695,
          0.8995783675087823,
          0.8814832045661078,
          0.8738594619750977,
          0.8605215866512722,
          0.8718521405114068,
          0.855854574139913,
          0.8617590483347575,
          0.8422848948584662,
          0.8327830530166626,
          0.8413020438300238,
          0.8523057952245077
        ],
        "val_loss": [
          0.8728028376685248,
          0.8275864608658685,
          0.8153887301550972,
          0.8084174344698588,
          0.8067696093347337,
          0.8019860185199313,
          0.7944628859202068,
          0.8058375034014384,
          0.7999889694637723,
          0.7928641811582777,
          0.7953100141525269,
          0.7866820647345649,
          0.7895801810158624,
          0.7871104164335463,
          0.7871658967759874,
          0.7942298996289571,
          0.7819981988271077,
          0.7892643494076199,
          0.7922435855759514,
          0.7856802859730191,
          0.7891062904781765,
          0.7861196799490187
        ],
        "val_acc": [
          0.8478333333333333,
          0.8666,
          0.8719666666666667,
          0.8773888888888889,
          0.8799222222222223,
          0.8807111111111111,
          0.8843222222222222,
          0.8800777777777777,
          0.8815555555555555,
          0.8829555555555556,
          0.8817555555555555,
          0.8847888888888888,
          0.8827666666666667,
          0.8833333333333333,
          0.8845333333333333,
          0.8821444444444444,
          0.8857777777777778,
          0.8844555555555556,
          0.8829333333333333,
          0.8843111111111112,
          0.8838555555555555,
          0.8848444444444444
        ]
      },
      "val": {
        "precision": [
          0.9324398549918351,
          0.8866355246657324,
          0.8840217391294738,
          0.8627474081045443,
          0.8665757472430201,
          0.8071588366881352,
          0.9385725215860328,
          0.9104378593532613,
          0.9056321470547123,
          0.8589084545544581
        ],
        "recall": [
          0.9431111111100631,
          0.8646666666657058,
          0.9036666666656625,
          0.8136666666657625,
          0.8472222222212807,
          0.8017777777768869,
          0.9541111111100509,
          0.9148888888878722,
          0.9415555555545093,
          0.872555555554586
        ],
        "f1": [
          0.9377451201165097,
          0.8755132987068389,
          0.8937362587358855,
          0.8374885585897873,
          0.856789702286601,
          0.804459303806294,
          0.9462780268467789,
          0.9126579422390979,
          0.9232445338688918,
          0.8656782180054744
        ],
        "accuracy": 0.8857222222222222,
        "macro_precision": 0.8853130093371206,
        "macro_recall": 0.885722222221238,
        "macro_f1": 0.885359096320216
      },
      "test": {
        "precision": [
          0.9270390939769932,
          0.8844970953401474,
          0.8844733984789527,
          0.8548631333711649,
          0.8660183066351647,
          0.8076027928617892,
          0.9448557851685878,
          0.9134165366604485,
          0.9046084434408587,
          0.8570179274148917
        ],
        "recall": [
          0.9458888888878378,
          0.8627777777768191,
          0.9051111111101053,
          0.8154444444435384,
          0.8409999999990655,
          0.8096666666657669,
          0.9499999999989444,
          0.9107777777767657,
          0.9356666666656269,
          0.8711111111101432
        ],
        "f1": [
          0.9363691310056361,
          0.8735024417065789,
          0.8946732514521809,
          0.834688650105617,
          0.853325812362006,
          0.8086334078604547,
          0.9474209047446793,
          0.9120952436915515,
          0.9198754660802162,
          0.8640070481181814
        ],
        "accuracy": 0.8847444444444444,
        "macro_precision": 0.8844392513349,
        "macro_recall": 0.8847444444434613,
        "macro_f1": 0.8844591357127103
      }
    },
    {
      "logs": {
        "train_loss": [
          1.3548539450963337,
          1.18258693423801,
          1.1090157291200426,
          1.051217300139533,
          1.0163299872716267,
          0.9728850854873657,
          0.9529304157469007,
          0.9259648956722684,
          0.9091535353130764,
          0.8992816235860189,
          0.8869939658694798,
          0.8920811133808559,
          0.8754199787351821,
          0.8851530482080248,
          0.8612855187628005,
          0.8519048900074428,
          0.8729835206137763,
          0.8755744979858399,
          0.8304243257310655,
          0.8337113572650485,
          0.8260735929489136
        ],
        "val_loss": [
          0.8827938567267524,
          0.8352181798617045,
          0.8073768587430318,
          0.8005008806440566,
          0.7947402392281426,
          0.8012005083931817,
          0.8004292701721192,
          0.7929243682861328,
          0.7916794783062405,
          0.7913228742811415,
          0.7917052650981479,
          0.7885496891869439,
          0.7853895898395115,
          0.7872266693327162,
          0.7861170854144626,
          0.7825452810499404,
          0.7842420711517334,
          0.7883395378536648,
          0.786818518225352,
          0.7853228117201063,
          0.7908959696027967
        ],
        "val_acc": [
          0.8426333333333333,
          0.8646333333333334,
          0.8765222222222222,
          0.8788111111111111,
          0.8813444444444445,
          0.8803333333333333,
          0.8800111111111111,
          0.8832111111111111,
          0.884,
          0.8839888888888889,
          0.8834111111111111,
          0.8854666666666666,
          0.8855666666666666,
          0.8856333333333334,
          0.8849888888888889,
          0.8854555555555556,
          0.8839,
          0.8847555555555555,
          0.8829111111111111,
          0.8839222222222223,
          0.8831555555555556
        ]
      },
      "val": {
        "precision": [
          0.9374101514973598,
          0.8639353099721143,
          0.8898026315779717,
          0.8422487223159087,
          0.8492939099725846,
          0.7964534377711091,
          0.9518477043662352,
          0.9281437125737814,
          0.9171306911224837,
          0.8802703941328135
        ],
        "recall": [
          0.9418888888878423,
          0.890333333332344,
          0.9016666666656648,
          0.8239999999990844,
          0.8553333333323829,
          0.8134444444435406,
          0.9444444444433949,
          0.8955555555545605,
          0.9333333333322962,
          0.8536666666657181
        ],
        "f1": [
          0.9396441783387862,
          0.8769356995145364,
          0.8956953592376412,
          0.8330244263391753,
          0.8523029179397745,
          0.8048592738035419,
          0.9481316179772672,
          0.9115584659347434,
          0.9251610721511899,
          0.8667644354334121
        ],
        "accuracy": 0.8853666666666666,
        "macro_precision": 0.8856536665302362,
        "macro_recall": 0.885366666665683,
        "macro_f1": 0.8854077446670068
      },