{
  "config": {
    "model": "cnn",
    "lr": 0.00046082521043368826,
    "weight_decay": 3.600654215799517e-05,
    "dropout": 0.3,
    "batch_size": 64,
    "augmentation": false,
    "mix_type": "mixup"
  },
  "runs": [
    {
      "logs": {
        "train_loss": [
          1.8204334514194065,
          1.6484672238667806,
          1.579145390955607,
          1.5237049864874945,
          1.4518245221032036,
          1.4321577819400364,
          1.3925213576846653,
          1.3779973724365235,
          1.343430811903212,
          1.319235542678833,
          1.297974981244405,
          1.272266982184516,
          1.2563955882178413,
          1.2391498069551257,
          1.2508749068790013,
          1.1889207399580213,
          1.2053142431047228,
          1.1822839210510254,
          1.1511263086742825,
          1.1345392224205866
        ],
        "val_loss": [
          1.508429498884413,
          1.35196971566942,
          1.2923734155019124,
          1.2156686030811734,
          1.1751774714787802,
          1.1721033437940809,
          1.1217795880317687,
          1.126982306459215,
          1.0783725448290506,
          1.0678093640221489,
          1.0549517789204916,
          1.0584818935818143,
          1.0510275895118713,
          1.0335239417499966,
          1.012637242878808,
          1.0226901443481444,
          1.026973442278968,
          1.0331116790135701,
          1.0372227711783515,
          1.0292607932832505
        ],
        "val_acc": [
          0.5423444444444444,
          0.6125888888888888,
          0.6458333333333334,
          0.6835888888888889,
          0.7009555555555556,
          0.6973222222222222,
          0.7286555555555555,
          0.7291444444444445,
          0.7463888888888889,
          0.7507555555555555,
          0.7568888888888889,
          0.7568666666666667,
          0.7607222222222222,
          0.7662555555555556,
          0.7728888888888888,
          0.7714555555555556,
          0.7700222222222223,
          0.7689333333333334,
          0.7672111111111111,
          0.7731777777777777
        ]
      },
      "val": {
        "precision": [
          0.8458188153300894,
          0.818080357141944,
          0.7814601344851326,
          0.6361727654462745,
          0.7130473438533973,
          0.6755333157747228,
          0.8400597907315395,
          0.7780390553105223,
          0.8316766070236009,
          0.8059086224655835
        ],
        "recall": [
          0.863111111110152,
          0.8144444444435395,
          0.7231111111103076,
          0.7069999999992144,
          0.7128888888880968,
          0.5699999999993666,
          0.8742222222212508,
          0.8455555555546159,
          0.836666666665737,
          0.7819999999991311
        ],
        "f1": [
          0.854377469702608,
          0.8162583468922117,
          0.7511541962993583,
          0.6697189719629929,
          0.7129681025667153,
          0.6182957645904111,
          0.8568006048235507,
          0.8103934777829284,
          0.8341641691433546,
          0.7937743140663862
        ],
        "accuracy": 0.7729,
        "macro_precision": 0.7725796807562807,
        "macro_recall": 0.7728999999991413,
        "macro_f1": 0.7717905417830517
      },
      "test": {
        "precision": [
          0.8397303468513213,
          0.8086033519544037,
          0.7757766227477628,
          0.6336068855077726,
          0.709002861544454,
          0.6684810782780346,
          0.842832469774565,
          0.781838890038536,
          0.828844674067463,
          0.8014143948890139
        ],
        "recall": [
          0.8581111111101576,
          0.8041111111102176,
          0.7131111111103187,
          0.7034444444436628,
          0.7157777777769824,
          0.5731111111104743,
          0.8675555555545915,
          0.8389999999990677,
          0.8377777777768468,
          0.7806666666657992
        ],
        "f1": [
          0.8488212292690381,
          0.8063509699295024,
          0.7431251035589145,
          0.6667017641789038,
          0.7123742070970804,
          0.6171332805037566,
          0.8550153257053208,
          0.8094115074932918,
          0.8332872801846125,
          0.7909044808445128
        ],
        "accuracy": 0.7692666666666667,
        "macro_precision": 0.7690131575653327,
        "macro_recall": 0.7692666666658118,
        "macro_f1": 0.7683125148764934
      }
    },
    {
      "logs": {
        "train_loss": [
          1.823974470202128,
          1.6563949558681912,
          1.573204843542311,
          1.5238837951236301,
          1.4769345558166505,
          1.4484394549687702,
          1.4125794477250841,
          1.3789491654713948,
          1.3778647871653238,
          1.32505227071974,
          1.2962981337865194,
          1.2922485886891684,
          1.2691370871225993,
          1.2409416443083021,
          1.2331735276963975,
          1.218267046017117,
          1.1880842538833618,
          1.1650048602845933,
          1.1611622968037922,
          1.1718173528247409,
          1.1691357034789192,
          1.1226451038572522,
          1.1078827760908339,
          1.1007226297802395
        ],
        "val_loss": [
          1.4642179205364652,
          1.3670635734981962,
          1.2654738287183973,
          1.248315568330553,
          1.205112433497111,
          1.1794750205569797,
          1.1500964942190381,
          1.125090032916599,
          1.1123238708496093,
          1.1035587244669596,
          1.0735093642340765,
          1.0626029758453368,
          1.0469719302707248,
          1.0501696659723918,
          1.0245036906136407,
          1.047613601981269,
          1.0406022082858615,
          1.025312674691942,
          1.0157512338532342,
          1.0233856517791748,
          1.0177454295582242,
          1.0234729616271125,
          1.053616228220198,
          1.0238810025003222
        ],
        "val_acc": [
          0.5600777777777778,
          0.6096666666666667,
          0.6576888888888889,
          0.6670555555555555,
          0.6891111111111111,
          0.7076888888888889,
          0.7170111111111112,
          0.733,
          0.7308333333333333,
          0.7396777777777778,
          0.7488555555555556,
          0.7520222222222223,
          0.7616555555555555,
          0.7624333333333333,
          0.7686222222222222,
          0.7667555555555555,
          0.7627888888888888,
          0.7694888888888889,
          0.7739444444444444,
          0.7725333333333333,
          0.7759777777777778,
          0.7739,
          0.7722555555555556,
          0.7762888888888889
        ]
      },
      "val": {
        "precision": [
          0.8612167300370597,
          0.8178678845930512,
          0.7388465723604583,
          0.66639180115365,
          0.723688644276397,
          0.6008238524905837,
          0.899616214918566,
          0.8390125173842848,
          0.8222057106455554,
          0.7976671152974454
        ],
        "recall": [
          0.8556666666657159,
          0.8157777777768713,
          0.7544444444436061,
          0.6285555555548571,
          0.7158888888880934,
          0.6806666666659104,
          0.8334444444435183,
          0.8043333333324395,
          0.8606666666657103,
          0.7902222222213441
        ],
        "f1": [
          0.8584327226771692,
          0.8168214891304895,
          0.7465640411789439,
          0.6469209167257541,
          0.7197676317082742,
          0.6382579654292465,
          0.8652670384945829,
          0.8213070065737932,
          0.8409966835636659,
          0.793927210895629
        ],
        "accuracy": 0.7739666666666667,
        "macro_precision": 0.7767337043157051,
        "macro_recall": 0.7739666666658067,
        "macro_f1": 0.7748262706377549
      },