{
  "config": {
    "model": "cnn",
    "lr": 0.00046082521043368826,
    "weight_decay": 3.600654215799517e-05,
    "dropout": 0.3,
    "batch_size": 64,
    "augmentation": true,
    "mix_type": "mixup"
  },
  "runs": [
    {
      "logs": {
        "train_loss": [
          1.9431289893468222,
          1.7670846961975097,
          1.6974075162675646,
          1.6462939075046115,
          1.5807633422851564,
          1.5667656695048013,
          1.5290170529683431,
          1.5170543499416775,
          1.490929907184177,
          1.4714862081103854,
          1.4567425917519463,
          1.4397908276875815,
          1.4298716285281712,
          1.4193948146184285,
          1.4307407327016195,
          1.3861515355216132,
          1.4018803189171685,
          1.390011762407091,
          1.3675948305341932,
          1.3561704867257012,
          1.3572182934443155,
          1.351877267159356,
          1.3502544010586208,
          1.3340439938227335,
          1.334683135456509,
          1.3277687328762477,
          1.3107485801060994,
          1.3228300681644016,
          1.3184394872029623,
          1.3071367996003893,
          1.3068037887997097,
          1.2819929660373264,
          1.3044165113661024
        ],
        "val_loss": [
          1.6666647346072727,
          1.4494483223385282,
          1.3847961539586384,
          1.3037401526133219,
          1.2666412461386787,
          1.2035607922236125,
          1.2040844514422946,
          1.1983372817993163,
          1.1506393982569376,
          1.1420790214750502,
          1.1163021779060365,
          1.0933455358081394,
          1.0831519416809081,
          1.0831860178947448,
          1.0580295993804931,
          1.0550753522025214,
          1.0362499683909947,
          1.067645672639211,
          1.0511448086208768,
          1.043979974831475,
          1.009872372870975,
          1.0212470672077603,
          1.0200304086685181,
          0.9995641811158922,
          1.0047164891878764,
          1.0079365041308932,
          0.9885995470788744,
          0.9681356957329644,
          1.0230785189628602,
          0.97427394051022,
          1.0499760759565566,
          1.0204158443450928,
          0.9864025547557407
        ],
        "val_acc": [
          0.44364444444444445,
          0.5609444444444445,
          0.5959444444444445,
          0.6385333333333333,
          0.6622666666666667,
          0.6854444444444444,
          0.6901555555555555,
          0.6931222222222222,
          0.7172666666666667,
          0.7150111111111112,
          0.7269333333333333,
          0.7406666666666667,
          0.7414777777777778,
          0.7475222222222222,
          0.7527444444444444,
          0.7557222222222222,
          0.7636,
          0.7588,
          0.7630666666666667,
          0.769,
          0.7749222222222222,
          0.7778444444444444,
          0.7804,
          0.7764111111111112,
          0.7807666666666667,
          0.7854888888888889,
          0.7874555555555556,
          0.7931888888888889,
          0.7867,
          0.7903888888888889,
          0.7933111111111111,
          0.7909222222222222,
          0.7966555555555556
        ]
      },
      "val": {
        "precision": [
          0.8561951637054823,
          0.8177244996245127,
          0.7821771009579445,
          0.7427321842028007,
          0.761785415919845,
          0.6137099146801865,
          0.8751950077993367,
          0.8230098146119704,
          0.8423960138639055,
          0.8271788990816201
        ],
        "recall": [
          0.8891111111101231,
          0.8488888888879456,
          0.7704444444435883,
          0.6415555555548427,
          0.7092222222214342,
          0.6953333333325606,
          0.8726666666656969,
          0.8385555555546238,
          0.8641111111101509,
          0.8014444444435539
        ],
        "f1": [
          0.8723427400133643,
          0.8330153141961734,
          0.7762664377645998,
          0.6884464001767181,
          0.7345646995339928,
          0.6519768664049146,
          0.8739290035669695,
          0.830709956474482,
          0.8531153964917562,
          0.8141083471447991
        ],
        "accuracy": 0.7931333333333334,
        "macro_precision": 0.7942104014447604,
        "macro_recall": 0.793133333332452,
        "macro_f1": 0.792847516176777
      },
      "test": {
        "precision": [
          0.8501548648928225,
          0.8144786601828043,
          0.7821849501351062,
          0.7419894479465423,
          0.7639839509077602,
          0.6131208447393302,
          0.8759838093086619,
          0.8216978039977911,
          0.8336766778696371,
          0.8195121951210215
        ],
        "recall": [
          0.8844444444434616,
          0.8375555555546249,
          0.7668888888880367,
          0.6406666666659547,
          0.719333333332534,
          0.6967777777770036,
          0.8656666666657047,
          0.8356666666657381,
          0.854333333332384,
          0.8026666666657748
        ],
        "f1": [
          0.8669607312641474,
          0.8258559248822949,
          0.774461395358685,
          0.6876155218282488,
          0.7409866036794293,
          0.6522779230413506,
          0.8707946747801343,
          0.828623363037783,
          0.8438786099369899,
          0.8110019596361709
        ],
        "accuracy": 0.7904,
        "macro_precision": 0.7916783205101476,
        "macro_recall": 0.7903999999991217,
        "macro_f1": 0.7902456707445233
      }
    },
    {
      "logs": {
        "train_loss": [
          1.9508116118748984,
          1.7789004995557998,
          1.6965744279225667,
          1.6489430250379775,
          1.6021335907406278,
          1.5766177125718859,
          1.548890773095025,
          1.5165084220886231,
          1.519407933086819,
          1.4754658545600043,
          1.452542296939426,
          1.4526624290466308,
          1.4364583547592162,
          1.4185396706899007,
          1.413531218126085,
          1.4040128141615127,
          1.3859659646352132,
          1.3715144560496013,
          1.3734859916475084,
          1.3856537357754177,
          1.3867832966804505,
          1.3514653871324327,
          1.342852214389377,
          1.3408529249403212,
          1.3332193907207912,
          1.3276435656441583,
          1.322036365890503,
          1.311207534514533,
          1.3040394283294678,
          1.304597881295946,
          1.3091711394839816,
          1.3043299400329589,
          1.2854289004219903,
          1.29188842692905,
          1.2723090916103788,
          1.2760945885128445,
          1.278212118318346,
          1.2604948931376139,
          1.2663481521924336,
          1.27678728612264
        ],