{
  "config": {
    "model": "resnet18",
    "lr": 4.3178586365738596e-05,
    "weight_decay": 2.5129077755095298e-06,
    "dropout": 0.3,
    "batch_size": 64,
    "augmentation": true,
    "mix_type": "mixup"
  },
  "runs": [
    {
      "logs": {
        "train_loss": [
          1.4079358604749044,
          1.2493044256634183,
          1.1972692690531412,
          1.1564613639407688,
          1.0907059966193304,
          1.0991305661519368,
          1.0671807025697497,
          1.0680724445343017,
          1.0411296615388659,
          1.0240738955285813,
          1.0145351645999485,
          0.9939692367341784,
          0.9863564898596869,
          0.978608143319024,
          1.0042135539160835,
          0.944874184650845,
          0.9742749572753906,
          0.9615294961293538,
          0.9347137634489271,
          0.92555035188463
        ],
        "val_loss": [
          0.8991320205264621,
          0.8464851429409451,
          0.8342807226392958,
          0.8202293963750203,
          0.8006986967934503,
          0.8072318630218506,
          0.8192368751525879,
          0.812821790907118,
          0.7978433779822456,
          0.8052202837626139,
          0.8021933219909668,
          0.8042694200833639,
          0.787569296031528,
          0.799722451125251,
          0.7795838563283285,
          0.796014188724094,
          0.7813924806170993,
          0.8204596350775825,
          0.8073947068744236,
          0.8134583403481378
        ],
        "val_acc": [
          0.8409111111111112,
          0.8600666666666666,
          0.8667555555555555,
          0.8752777777777778,
          0.8808111111111111,
          0.8813555555555556,
          0.8829222222222223,
          0.8865777777777778,
          0.8872333333333333,
          0.8835111111111111,
          0.8867333333333334,
          0.8867777777777778,
          0.8905888888888889,
          0.8888888888888888,
          0.8893666666666666,
          0.8895555555555555,
          0.8925666666666666,
          0.8906111111111111,
          0.8913,
          0.8911
        ]
      },
      "val": {
        "precision": [
          0.9202999464371501,
          0.904761904760833,
          0.9259474540793698,
          0.8434576806031291,
          0.8724177071499745,
          0.8181101475382159,
          0.9251960161041266,
          0.9242098108067018,
          0.9251798561140838,
          0.8364586535497115
        ],
        "recall": [
          0.9545555555544949,
          0.8486666666657237,
          0.8849999999990166,
          0.8315555555546316,
          0.8539999999990511,
          0.8071111111102143,
          0.9702222222211441,
          0.9064444444434372,
          0.9287777777767457,
          0.9069999999989922
        ],
        "f1": [
          0.9371148027453975,
          0.8758169884681654,
          0.9050107892294565,
          0.8374643266727891,
          0.8631106070153212,
          0.8125734051453014,
          0.9471743089187048,
          0.9152409216836871,
          0.9269753207544664,
          0.870302249924897
        ],
        "accuracy": 0.8893333333333333,
        "macro_precision": 0.8896039177143296,
        "macro_recall": 0.8893333333323451,
        "macro_f1": 0.8890783720558189
      },
      "test": {
        "precision": [
          0.9168633340475039,
          0.8988710635758776,
          0.9202965708979143,
          0.8406347787205625,
          0.8746295874163725,
          0.8177130044833881,
          0.9275486214993294,
          0.9292447473016134,
          0.9199690059764002,
          0.8308823529403279
        ],
        "recall": [
          0.9496666666656114,
          0.8404444444435105,
          0.8826666666656858,
          0.835777777776849,
          0.8526666666657192,
          0.8104444444435439,
          0.9644444444433727,
          0.9091111111101009,
          0.9234444444434183,
          0.9039999999989955
        ],
        "f1": [
          0.9329767442637067,
          0.8686764233709952,
          0.9010889242207566,
          0.8381992372545125,
          0.8635084905551422,
          0.8140624949991911,
          0.9456367746064926,
          0.9190676726182138,
          0.9217034440396965,
          0.8659003781497221
        ],
        "accuracy": 0.8872666666666666,
        "macro_precision": 0.887665306685929,
        "macro_recall": 0.8872666666656807,
        "macro_f1": 0.887082058407843
      }
    },
    {
      "logs": {
        "train_loss": [
          1.4113691133499147,
          1.2524799042171901,
          1.1765226174248589,
          1.146585783174303,
          1.1129325359980264,
          1.105223173183865,
          1.084006174299452,
          1.0577941370222304,
          1.072567561340332,
          1.0141595551596747,
          0.9926328630341424,
          1.005002702861362,
          0.9926301139831543,
          0.9715179121335348,
          0.9750708745956421,
          0.9696547120412191,
          0.9467730530844795,
          0.9340574502838982,
          0.9428176013946533,
          0.9631841285281711,
          0.9686831445482043,
          0.9264258823924595,
          0.9226859513600667
        ],
        "val_loss": [
          0.8957406913227505,
          0.8870958369361029,
          0.8244557032691108,
          0.8315507332589891,
          0.8161533686637878,
          0.8264570698420207,
          0.7985475379519993,
          0.8060219395743476,
          0.8119958843655056,
          0.8182994160758125,
          0.7841706528769599,
          0.7922956239170499,
          0.7943269167794121,
          0.8235002665625678,
          0.781450545141432,
          0.8072264746030172,
          0.8015317510181004,
          0.7812962508731418,
          0.781452231227027,
          0.7947132340537177,
          0.791135531340705,
          0.8009875487115649,
          0.8229350340101454
        ],
        "val_acc": [
          0.8394444444444444,
          0.8523222222222222,
          0.8696888888888888,
          0.8693555555555555,
          0.8769111111111111,
          0.8802111111111112,
          0.8836444444444445,
          0.8837777777777778,
          0.8856111111111111,
          0.8840444444444444,
          0.8892222222222222,
          0.8876333333333334,
          0.8888111111111111,
          0.8870888888888889,
          0.8919888888888889,
          0.8889666666666667,
          0.8903777777777778,
          0.8911888888888889,
          0.8910111111111111,
          0.8913,
          0.8914666666666666,
          0.8900777777777777,
          0.8900555555555556
        ]
      },
      "val": {
        "precision": [
          0.9338291589183705,
          0.8678753664087852,
          0.8993682810585177,
          0.8645918011835273,
          0.872752105621588,
          0.8004287245436222,
          0.941845212067182,
          0.9288227948678296,
          0.9212167633210184,
          0.8817045454535435
        ],
        "recall": [
          0.9486666666656125,
          0.8882222222212353,
          0.9016666666656648,
          0.827222222221303,
          0.8519999999990533,
          0.8297777777768557,
          0.9573333333322696,
          0.9091111111101009,
          0.935444444443405,
          0.8621111111101531
        ],
        "f1": [
          0.9411894344525058,
          0.8779309158717075,
          0.9005160023229838,
          0.8454942883408694,
          0.862251203815677,
          0.8148390566483038,
          0.949526113579846,
          0.918861244929354,
          0.9282760851916733,
          0.8717977478086405
        ],
        "accuracy": 0.8911555555555556,
        "macro_precision": 0.8912434753443984,
        "macro_recall": 0.8911555555545652,
        "macro_f1": 0.8910682092961559
      },