{
  "config": {
    "model": "resnet18",
    "lr": 4.3178586365738596e-05,
    "weight_decay": 2.5129077755095298e-06,
    "dropout": 0.3,
    "batch_size": 64,
    "augmentation": false,
    "mix_type": "both"
  },
  "runs": [
    {
      "logs": {
        "train_loss": [
          1.3575547446780734,
          1.1664834386613634,
          1.0899745396931966,
          1.0615367006513807,
          1.0054002041074965,
          0.9658876039505004,
          0.975363018544515,
          0.9292047003851996,
          0.9357953388849894,
          0.9266016740587023,
          0.9173644223531088,
          0.9134303521474203,
          0.9043873395707872,
          0.890398787106408,
          0.9002825682322184,
          0.897564021311866,
          0.8895535621219212,
          0.8850494763268365,
          0.8618421660953098,
          0.850295667860243,
          0.8877885302119785,
          0.8736532792621189,
          0.8768766203986273,
          0.8636233016014099,
          0.8775870787726509
        ],
        "val_loss": [
          0.8748012368943956,
          0.8332794630898369,
          0.8150946828630236,
          0.8032047542572022,
          0.816314494228363,
          0.807665260664622,
          0.7992463999006483,
          0.8084538654009501,
          0.7994786474863688,
          0.7947282702975803,
          0.8145147591590881,
          0.806141095076667,
          0.809329870944553,
          0.8049595099343194,
          0.7879001523865594,
          0.7850042130046421,
          0.7897075896157159,
          0.8074446075863309,
          0.795910065513187,
          0.7747555902693006,
          0.792870280541314,
          0.8051048368242052,
          0.8098965811623468,
          0.7904906334347195,
          0.780911466799842
        ],
        "val_acc": [
          0.8479555555555556,
          0.8668222222222223,
          0.8753111111111112,
          0.8806888888888889,
          0.8801666666666667,
          0.8816777777777778,
          0.8832555555555556,
          0.8777666666666667,
          0.8835666666666666,
          0.8843,
          0.8834555555555555,
          0.8833555555555556,
          0.8856444444444445,
          0.8848333333333334,
          0.8865,
          0.8871333333333333,
          0.8878888888888888,
          0.8818444444444444,
          0.8875888888888889,
          0.8891555555555556,
          0.8869333333333334,
          0.8833,
          0.8847333333333334,
          0.8869111111111111,
          0.8891222222222223
        ]
      },
      "val": {
        "precision": [
          0.9452116313001625,
          0.8915855752708739,
          0.8972883231866106,
          0.816954871361433,
          0.8727959697723003,
          0.8368072003779762,
          0.9414463622449841,
          0.9204964776910203,
          0.9128980032370071,
          0.8566512528219629
        ],
        "recall": [
          0.935444444443405,
          0.8653333333323717,
          0.9007777777767768,
          0.8608888888879322,
          0.8469999999990588,
          0.7851111111102387,
          0.9575555555544916,
          0.9146666666656503,
          0.9397777777767335,
          0.8851111111101275
        ],
        "f1": [
          0.9403026699306756,
          0.8782633161165623,
          0.8990296595401918,
          0.8383466732107012,
          0.8597045173865318,
          0.8101352850752354,
          0.9494326269261618,
          0.9175723073213818,
          0.9261428912496963,
          0.8706486643265761
        ],
        "accuracy": 0.8891666666666667,
        "macro_precision": 0.8892135667264333,
        "macro_recall": 0.8891666666656786,
        "macro_f1": 0.8889578611083714
      },
      "test": {
        "precision": [
          0.9435655783676162,
          0.8890284279017135,
          0.893164277838045,
          0.813570003150075,
          0.8729760547310456,
          0.8332147937401218,
          0.9426021813364077,
          0.9231807445721255,
          0.9093945270406061,
          0.8579894407920935
        ],
        "recall": [
          0.9344444444434061,
          0.8652222222212608,
          0.9001111111101109,
          0.8606666666657103,
          0.8506666666657214,
          0.7809999999991322,
          0.9506666666656103,
          0.9119999999989866,
          0.9378888888878467,
          0.8847777777767946
        ],
        "f1": [
          0.938982856607957,
          0.876963788006296,
          0.8966242340693649,
          0.8364559099104558,
          0.861676978680228,
          0.8062628993401636,
          0.9466172434362842,
          0.9175563082292757,
          0.9234219400827745,
          0.8711777205075856
        ],
        "accuracy": 0.8877444444444444,
        "macro_precision": 0.8878686029469851,
        "macro_recall": 0.887744444443458,
        "macro_f1": 0.8875739878870383
      }
    },
    {
      "logs": {
        "train_loss": [
          1.3551462352328831,
          1.182958715608385,
          1.0940440248065524,
          1.0710720422956679,
          1.02131702931722,
          0.9834200255711874,
          0.9671299721505907,
          0.9494186249838935,
          0.8974202448527018,
          0.9311167758517795,
          0.9154946673075358,
          0.9023741887834337,
          0.896469661670261,
          0.8948762501186794,
          0.9108437517801921,
          0.8925441177050273,
          0.9012368633058336
        ],
        "val_loss": [
          0.8798256304528979,
          0.835121734937032,
          0.8146214260843065,
          0.802601357597775,
          0.8101434012201097,
          0.8104126558303834,
          0.7990941080729167,
          0.8135079464700486,
          0.7948756261613634,
          0.7952991231706408,
          0.8002817661391364,
          0.794850378396776,
          0.8030037288453844,
          0.808873659102122,
          0.8048863033506606,
          0.7997914678785536,
          0.8036886976030138
        ],
        "val_acc": [
          0.8464555555555555,
          0.8666111111111111,
          0.8754,
          0.8791,
          0.8805111111111111,
          0.8805111111111111,
          0.8831111111111111,
          0.8813,
          0.8841111111111111,
          0.8847555555555555,
          0.8842222222222222,
          0.8853555555555556,
          0.8865,
          0.8870222222222223,
          0.8841,
          0.8845222222222222,
          0.8859777777777778
        ]
      },
      "val": {
        "precision": [
          0.9359442416186127,
          0.8738532110082198,
          0.9127833390853609,
          0.855017259849,
          0.8368313421581779,
          0.7816607552672838,
          0.9461521450675074,
          0.9115260642426235,
          0.9228476821181866,
          0.8835718374345923
        ],
        "recall": [
          0.9399999999989554,
          0.8889999999990121,
          0.881444444443465,
          0.7981111111102243,
          0.8638888888879289,
          0.8325555555546305,
          0.9507777777767212,
          0.9112222222212096,
          0.9289999999989677,
          0.8575555555546026
        ],
        "f1": [
          0.9379677315697468,
          0.8813615283767942,
          0.8968401962327764,
          0.8255847315143718,
          0.8501448749959623,
          0.8063058165902428,
          0.9484593166571472,
          0.9113741129075277,
          0.9259136162614883,
          0.8703693211912823
        ],
        "accuracy": 0.8853555555555556,
        "macro_precision": 0.8860187877849566,
        "macro_recall": 0.8853555555545716,
        "macro_f1": 0.8854321246297341
      },