{
  "config": {
    "model": "cnn",
    "lr": 0.00046082521043368826,
    "weight_decay": 3.600654215799517e-05,
    "dropout": 0.3,
    "batch_size": 64,
    "augmentation": false,
    "mix_type": "cutmix"
  },
  "runs": [
    {
      "logs": {
        "train_loss": [
          1.8557026266945733,
          1.698898807610406,
          1.6259996304829916,
          1.5613221556769477,
          1.5032287100897894,
          1.464289733695984,
          1.4427819231881036,
          1.4217439935896132,
          1.3954670552359687,
          1.3835245888180203,
          1.3477146493064032,
          1.3419259419335259,
          1.309753851615058,
          1.3012843687269422,
          1.290966231197781,
          1.2871807939529418,
          1.2555916196187338,
          1.2535967766020033,
          1.2291808606041803,
          1.2107045884450276,
          1.2046634725464715,
          1.2157011082967122,
          1.1544660230212742,
          1.1812331036991544,
          1.180931392372979,
          1.1532472399923537,
          1.1298626756244237,
          1.1424960439258152
        ],
        "val_loss": [
          1.5021979031456842,
          1.3853211762534248,
          1.3138490141762627,
          1.2382361781862048,
          1.2180798394733006,
          1.171873537349701,
          1.1542839150534736,
          1.1115986340734694,
          1.093815012910631,
          1.0795904340320164,
          1.0620083376778497,
          1.0592809019512601,
          1.0330581708272297,
          1.0372584893756442,
          1.0345951128959656,
          1.0254687086529202,
          1.018937833902571,
          1.011390580982632,
          1.0209464091195,
          1.0012894940376282,
          1.0131734401490953,
          1.008111706691318,
          0.9941632147894965,
          0.9971541738828024,
          1.0028607428020901,
          1.0089618782467313,
          1.0066865178849962,
          0.994498933537801
        ],
        "val_acc": [
          0.5340222222222222,
          0.5926333333333333,
          0.6318888888888889,
          0.6631444444444444,
          0.6820888888888889,
          0.7013444444444444,
          0.7064888888888889,
          0.7267888888888889,
          0.7349444444444444,
          0.7443777777777778,
          0.7501,
          0.7517333333333334,
          0.7615,
          0.7615777777777778,
          0.7621222222222223,
          0.7691,
          0.7724666666666666,
          0.7744111111111112,
          0.7700555555555556,
          0.7802666666666667,
          0.7761555555555556,
          0.7783666666666667,
          0.7826666666666666,
          0.7831888888888889,
          0.7816666666666666,
          0.7813666666666667,
          0.7833666666666667,
          0.7872888888888889
        ]
      },
      "val": {
        "precision": [
          0.8721322537102202,
          0.841773628937174,
          0.8025364616349999,
          0.6481066775237702,
          0.760722074144947,
          0.6677153920611474,
          0.7895339954155943,
          0.8184938854314325,
          0.8325348663889783,
          0.7954844366497199
        ],
        "recall": [
          0.8616666666657092,
          0.8015555555546648,
          0.7031111111103299,
          0.7074444444436583,
          0.6976666666658914,
          0.6131111111104298,
          0.9186666666656459,
          0.8477777777768357,
          0.8688888888879234,
          0.8064444444435483
        ],
        "f1": [
          0.8668678689093406,
          0.821172448047023,
          0.7495410077541104,
          0.6764768330879101,
          0.7278312225499429,
          0.6392492999203024,
          0.849219386975113,
          0.832878501713876,
          0.8503234876344251,
          0.8009269426930161
        ],
        "accuracy": 0.7826333333333333,
        "macro_precision": 0.7829033671897984,
        "macro_recall": 0.7826333333324637,
        "macro_f1": 0.7814486999285059
      },
      "test": {
        "precision": [
          0.8665546218477684,
          0.838547746905395,
          0.8075738125791944,
          0.654308413118095,
          0.7563359884132798,
          0.6613927843693378,
          0.7884113954603684,
          0.8176848874589306,
          0.8287620459590926,
          0.7976815398066517
        ],
        "recall": [
          0.8593333333323785,
          0.7981111111102243,
          0.6989999999992232,
          0.7137777777769846,
          0.6963333333325595,
          0.6131111111104298,
          0.9071111111101031,
          0.8476666666657248,
          0.8695555555545893,
          0.8104444444435439
        ],
        "f1": [
          0.8629288652920117,
          0.8178298936700021,
          0.7493746227796912,
          0.6827505529851277,
          0.7250954479754111,
          0.6363374222105009,
          0.8436062983044397,
          0.8324058869810724,
          0.8486688666605884,
          0.8040123406784411
        ],
        "accuracy": 0.7814444444444445,
        "macro_precision": 0.7817253235918113,
        "macro_recall": 0.7814444444435761,
        "macro_f1": 0.7803010197537287
      }
    },
    {
      "logs": {
        "train_loss": [
          1.853770277955797,
          1.6992217483944363,
          1.610544350136651,
          1.5619824503156874,
          1.520566793484158,
          1.4959649560504489,
          1.4622844329198201,
          1.4287960461934408,
          1.3924021342807347,
          1.3911917022069296,
          1.3562709619522095,
          1.3466685781902736,
          1.331222382736206,
          1.3199857741038004,
          1.2994001362058851,
          1.2887385323418512,
          1.2593976743486193,
          1.2601476222780015,
          1.2279349540286595,
          1.225198329056634,
          1.2135697856903076,
          1.1799160258399115,
          1.1870972163094415,
          1.187411024623447,
          1.1649166617923312,
          1.1444584342532689,
          1.161012431971232,
          1.1427446978780957,
          1.1202595137914022,
          1.1182638228734334,
          1.110448379643758,
          1.1123477222124736,
          1.114087702624003
        ],
        "val_loss": [
          1.518469581943088,
          1.4048947578642104,
          1.3203678367614746,
          1.2360189302444458,
          1.1808980293062,
          1.1696166743808323,
          1.1618749955389234,
          1.1336802224900988,
          1.1142450192345512,
          1.0948725621965196,
          1.0695343368954129,
          1.0681749086168078,
          1.0483709593878852,
          1.052915808889601,
          1.0353582592010497,
          1.0214315774705676,
          1.0203990040037367,
          1.0321869005733066,
          1.0222036949369642,
          1.015019994990031,
          1.020176959631178,
          1.0062164032724168,
          1.0100427851570977,
          0.9995676680246989,
          1.0069244208017984,
          1.006428216266632,
          1.0062602357228596,
          0.9953259426752726,
          1.0032593882666694,
          1.0008476115226745,
          0.9995576712714301,
          1.007941541703542,
          1.006669680955675
        ],