{
  "config": {
    "model": "resnet18",
    "lr": 4.3178586365738596e-05,
    "weight_decay": 2.5129077755095298e-06,
    "dropout": 0.3,
    "batch_size": 64,
    "augmentation": false,
    "mix_type": "mixup"
  },
  "runs": [
    {
      "logs": {
        "train_loss": [
          1.3440824132707383,
          1.162975322786967,
          1.103196511522929,
          1.051323679055108,
          0.9735572750727336,
          0.9785419492933485,
          0.9428650031407674,
          0.9502085446675619,
          0.9247523515065511,
          0.9121777190844218,
          0.9095050163692898,
          0.8939293605062697,
          0.8903290672938029,
          0.8883078678343032,
          0.9200309029685126,
          0.8627800167719523,
          0.8977806823518542,
          0.8879211940129598,
          0.8640620811250475,
          0.8588449241214329
        ],
        "val_loss": [
          0.9096665070851644,
          0.8387224255455865,
          0.8173317488564386,
          0.8136628366576301,
          0.8090958877457513,
          0.8157732017305163,
          0.8258068976296319,
          0.8238182270050048,
          0.8140962134891087,
          0.8075845769458347,
          0.8185789780298869,
          0.8141260074509514,
          0.8156944601270888,
          0.8101092141045464,
          0.7911217595206367,
          0.8087488458633423,
          0.7991003146065606,
          0.8280732197231716,
          0.8114127095116509,
          0.8226633982128567
        ],
        "val_acc": [
          0.8395555555555556,
          0.8661333333333333,
          0.8725444444444445,
          0.8780222222222223,
          0.8791111111111111,
          0.8780555555555556,
          0.879,
          0.8787111111111111,
          0.8833333333333333,
          0.8801777777777777,
          0.8807444444444444,
          0.8820222222222223,
          0.8772222222222222,
          0.8823,
          0.8839555555555556,
          0.8832,
          0.8851777777777777,
          0.8805888888888889,
          0.8830333333333333,
          0.882
        ]
      },
      "val": {
        "precision": [
          0.9299747557886839,
          0.8775555555545804,
          0.8749064471283279,
          0.8516707416453001,
          0.8759844833656094,
          0.8173442358622396,
          0.9464167585436092,
          0.8890076988869877,
          0.8969126665247441,
          0.8740565506354916
        ],
        "recall": [
          0.9414444444433984,
          0.8775555555545804,
          0.9092222222212119,
          0.8127777777768747,
          0.8279999999990799,
          0.7885555555546793,
          0.9537777777767179,
          0.9237777777767513,
          0.9425555555545082,
          0.8621111111101531
        ],
        "f1": [
          0.9356744469896574,
          0.8775555505545805,
          0.8917343163652326,
          0.8317698511618844,
          0.851316611213651,
          0.8026918459309711,
          0.9500830055136886,
          0.9060592800923952,
          0.9191678355048454,
          0.8680427314763031
        ],
        "accuracy": 0.8839777777777778,
        "macro_precision": 0.8833829893935574,
        "macro_recall": 0.8839777777767954,
        "macro_f1": 0.883409547480321
      },
      "test": {
        "precision": [
          0.9277333040893433,
          0.8744704570781777,
          0.864176570457487,
          0.8470385278886174,
          0.8779971791244968,
          0.8225937536272813,
          0.9454424484354119,
          0.8925878043515485,
          0.8911593435670818,
          0.8676898946886985
        ],
        "recall": [
          0.9399999999989554,
          0.8715555555545871,
          0.9048888888878833,
          0.818333333332424,
          0.8299999999990777,
          0.7872222222213474,
          0.9473333333322806,
          0.9205555555545326,
          0.935222222221183,
          0.8605555555545993
        ],
        "f1": [
          0.9338263651079105,
          0.8730105681765604,
          0.8840642590051621,
          0.8324385369615505,
          0.8533241896568462,
          0.8045193840891061,
          0.9463869413859008,
          0.9063559735583427,
          0.9126592522532083,
          0.864107994552842
        ],
        "accuracy": 0.8815666666666667,
        "macro_precision": 0.8810889283308143,
        "macro_recall": 0.8815666666656871,
        "macro_f1": 0.881069346474743
      }
    },
    {
      "logs": {
        "train_loss": [
          1.3489718790690104,
          1.174102763493856,
          1.081643791241116,
          1.040921849738227,
          0.9977782242669,
          0.98279384159512,
          0.9604866188261244,
          0.936200882657369,
          0.9572225400712755,
          0.9017489995320638,
          0.8841303755760193,
          0.9049884670257569,
          0.8958656940990024,
          0.8800566972944471,
          0.8882107591629028,
          0.8883071013132731,
          0.8686271057022943,
          0.8598381597095066,
          0.8706180125978258,
          0.895621505133311,
          0.9033525886323717,
          0.8641235379536947,
          0.8611996234046089,
          0.8650480542076958
        ],
        "val_loss": [
          0.8838807107289632,
          0.8770831268734403,
          0.8261819816377428,
          0.818309367858039,
          0.8190707134882609,
          0.8253955158657498,
          0.8122439638137817,
          0.8239133808771769,
          0.8166026178359985,
          0.8257523807737562,
          0.8055945660485162,
          0.8101152479701572,
          0.8031783260769314,
          0.8161753853691949,
          0.8017885591718885,
          0.8173383777830335,
          0.8002558756510416,
          0.7976298321829902,
          0.7966356545766194,
          0.812167799864875,
          0.7994169770558676,
          0.818149245346917,
          0.8245014308611552,
          0.8075484144210815
        ],
        "val_acc": [
          0.8471222222222222,
          0.8555444444444444,
          0.8715444444444445,
          0.8747222222222222,
          0.8784222222222222,
          0.8785,
          0.8805777777777778,
          0.8784777777777778,
          0.8806888888888889,
          0.8801555555555556,
          0.8823555555555556,
          0.8822222222222222,
          0.8829,
          0.8811444444444444,
          0.8805,
          0.8808888888888889,
          0.8834111111111111,
          0.8836444444444445,
          0.8831333333333333,
          0.8823888888888889,
          0.8832888888888889,
          0.8801666666666667,
          0.8836666666666667,
          0.8827666666666667
        ]
      },
      "val": {
        "precision": [
          0.9070380922223202,
          0.8702256466693777,
          0.8974703380334704,
          0.8412158330488361,
          0.8736891167549828,
          0.784896054305489,
          0.9497940554369922,
          0.9271867066686739,
          0.9181086740869413,
          0.8653266331648628
        ],
        "recall": [
          0.9551111111100498,
          0.8784444444434684,
          0.890888888887899,
          0.8241111111101953,
          0.8331111111101853,
          0.8222222222213086,
          0.9479999999989466,
          0.8927777777767857,
          0.9255555555545271,
          0.8609999999990433
        ],
        "f1": [
          0.9304540730452974,
          0.874315726268151,
          0.8941674980658709,
          0.8325756250158695,
          0.8529177517985799,
          0.8031256733174321,
          0.9488961747242453,
          0.9096569631882363,
          0.9218170701941036,
          0.8631578897359121
        ],
        "accuracy": 0.8831222222222223,
        "macro_precision": 0.8834951150391946,
        "macro_recall": 0.8831222222212409,
        "macro_f1": 0.88310844453537
      },