{
  "config": {
    "model": "resnet18",
    "lr": 4.3178586365738596e-05,
    "weight_decay": 2.5129077755095298e-06,
    "dropout": 0.3,
    "batch_size": 64,
    "augmentation": true,
    "mix_type": "cutmix"
  },
  "runs": [
    {
      "logs": {
        "train_loss": [
          1.419557708231608,
          1.266909736421373,
          1.1962974611918131,
          1.151715225728353,
          1.1096549515194363,
          1.1037911686791313,
          1.0802972681045533,
          1.0654501643922594,
          1.0544639332877266,
          1.0377585747612847,
          1.0186857159932454,
          1.0158130905999079,
          0.99517413582272,
          0.9815846685833401,
          0.9641479902479384,
          0.9718374047597249,
          0.9526159147474501,
          0.9554510638766819,
          0.9325485256301033,
          0.9204901268853082,
          0.9253741815355089,
          0.9359563147650825,
          0.9137996363745795,
          0.9258191520055135,
          0.9117226819356282,
          0.9025715692308214,
          0.9012303351296319,
          0.8856265932295058,
          0.908453444618649,
          0.9083594562106663,
          0.8848099182128907,
          0.887800627093845
        ],
        "val_loss": [
          0.8945371278338962,
          0.8450064981778462,
          0.8286019302474128,
          0.8019233952628242,
          0.7965965306176079,
          0.7907339010556539,
          0.778947644551595,
          0.7820956279330783,
          0.7759249265988668,
          0.766519966422187,
          0.7659349047872756,
          0.7681246410793728,
          0.7660992112265693,
          0.7628763434092204,
          0.7650688127729628,
          0.7626413806491428,
          0.7602633295271132,
          0.7627331732643975,
          0.7608415143754748,
          0.7617390708499484,
          0.7598871092690361,
          0.765356781133016,
          0.7614419616063436,
          0.7635114501105414,
          0.758976187409295,
          0.7609833289464315,
          0.7559470477634006,
          0.7593652275509305,
          0.7618871726353963,
          0.7615846994611952,
          0.7631981679916382,
          0.7650959268887838
        ],
        "val_acc": [
          0.8374888888888888,
          0.8583111111111111,
          0.8669777777777777,
          0.879,
          0.8816333333333334,
          0.8818888888888889,
          0.8890111111111111,
          0.8864222222222222,
          0.8887888888888889,
          0.8930888888888889,
          0.8922888888888889,
          0.8922777777777777,
          0.8912333333333333,
          0.8929222222222222,
          0.8940555555555556,
          0.8952777777777777,
          0.8952777777777777,
          0.8954,
          0.8948222222222222,
          0.8945333333333333,
          0.8949333333333334,
          0.8938444444444444,
          0.8950555555555556,
          0.8945555555555555,
          0.8955888888888889,
          0.8952888888888889,
          0.8971777777777777,
          0.8964111111111112,
          0.8962555555555556,
          0.8957777777777778,
          0.8953222222222222,
          0.8943888888888889
        ]
      },
      "val": {
        "precision": [
          0.9355436797895783,
          0.8859784283503346,
          0.9188696444839118,
          0.8556065867583111,
          0.8924731182785267,
          0.8360263996349157,
          0.9400130406423168,
          0.890970678521339,
          0.9233031920678468,
          0.8883878241252666
        ],
        "recall": [
          0.953111111110052,
          0.8944444444434505,
          0.8959999999990044,
          0.8486666666657237,
          0.8484444444435016,
          0.8163333333324262,
          0.9611111111100431,
          0.935222222221183,
          0.9416666666656203,
          0.8755555555545826
        ],
        "f1": [
          0.9442456882131088,
          0.8901913031933121,
          0.9072907240726804,
          0.8521224917916798,
          0.8699020227989717,
          0.8260625090542001,
          0.9504450010428634,
          0.9125603029110916,
          0.9323945161502374,
          0.8819250089892049
        ],
        "accuracy": 0.8970555555555556,
        "macro_precision": 0.8967172592652348,
        "macro_recall": 0.8970555555545587,
        "macro_f1": 0.896713956821735
      },
      "test": {
        "precision": [
          0.9328145550187057,
          0.882937603532984,
          0.918727915193299,
          0.8486732541347299,
          0.8907455012843061,
          0.8352538505409751,
          0.9440437158459627,
          0.8947758037215578,
          0.9175268934033276,
          0.8810191940724199
        ],
        "recall": [
          0.9456666666656158,
          0.8883333333323462,
          0.8955555555545605,
          0.8493333333323896,
          0.8469999999990588,
          0.8134444444435406,
          0.9597777777767112,
          0.9401111111100665,
          0.9382222222211797,
          0.8721111111101421
        ],
        "f1": [
          0.9391966403313539,
          0.8856272450682984,
          0.906993749571336,
          0.8490031604347217,
          0.8683221273634962,
          0.8242048922698597,
          0.9518457250268407,
          0.9168833933548979,
          0.9277591555775292,
          0.8765425155195589
        ],
        "accuracy": 0.8949555555555555,
        "macro_precision": 0.8946518286748268,
        "macro_recall": 0.8949555555545612,
        "macro_f1": 0.8946378604517893
      }
    },
    {
      "logs": {
        "train_loss": [
          1.4171207578235203,
          1.2563664079878065,
          1.1998762638092042,
          1.15732885377672,
          1.1354504389444986,
          1.0974487204445733,
          1.082929377301534,
          1.0562646370357938,
          1.036948840713501,
          1.026250382592943,
          1.0087655599382188,
          1.0096647321701049,
          0.9883244701597426,
          0.9957495067596436,
          0.9673873066584269,
          0.952751333003574,
          0.9735055436028375,
          0.9711753775702583,
          0.9218247574170431,
          0.9211359060923259,
          0.9107686516867743
        ],
        "val_loss": [
          0.9069067224078708,
          0.8515777650409274,
          0.8195637602488199,
          0.803921144771576,
          0.7896560130437216,
          0.7891063480695089,
          0.7814688149134318,
          0.7734322075737847,
          0.7781413277943929,
          0.7672336619271173,
          0.7719700190650092,
          0.7686965447955662,
          0.7652467908117506,
          0.7656596732033624,
          0.7631637904167176,
          0.757292031097412,
          0.7595237354596456,
          0.7633709150950114,
          0.7619384810871548,
          0.7591438627243042,
          0.7610235292434693
        ],
        "val_acc": [
          0.8314444444444444,
          0.8561222222222222,
          0.8700777777777777,
          0.8780111111111111,
          0.8831111111111111,
          0.8823,
          0.8861444444444444,
          0.8889444444444444,
          0.8881333333333333,
          0.8913777777777778,
          0.8895888888888889,
          0.8917111111111111,
          0.8924777777777778,
          0.8924111111111112,
          0.8935222222222222,
          0.8954,
          0.8933333333333333,
          0.893,
          0.8922666666666667,
          0.8949555555555555,
          0.8949111111111111
        ]
      },
      "val": {
        "precision": [
          0.9486263122616164,
          0.8754176096552695,
          0.9151755379378084,
          0.8544446957692213,
          0.8555555555546235,
          0.8124864513323081,
          0.947734039033027,
          0.9364108482389654,
          0.9199566160510628,
          0.8915855752708739
        ],