{
  "config": {
    "model": "cnn",
    "lr": 0.00046082521043368826,
    "weight_decay": 3.600654215799517e-05,
    "dropout": 0.3,
    "batch_size": 64,
    "augmentation": false,
    "mix_type": "both"
  },
  "runs": [
    {
      "logs": {
        "train_loss": [
          1.8440287452697754,
          1.6607103326161703,
          1.6038449801550971,
          1.5432681207233006,
          1.5022741333007812,
          1.458809913720025,
          1.4317628762139214,
          1.3878155507405598,
          1.389162213367886,
          1.355424001842075,
          1.3356444161309136,
          1.325478150346544,
          1.3059113515853882,
          1.287026876619127,
          1.269868897565206,
          1.2591943156348335,
          1.2478076303905912,
          1.2304387843661837,
          1.2089614110734728,
          1.186066444736057,
          1.1773619571685792,
          1.1749054022894965,
          1.1643627911143832,
          1.1459481688393487,
          1.1497887932883368,
          1.124327895058526,
          1.1163881054348417,
          1.1082368854734632,
          1.114433870824178,
          1.0919281938340928
        ],
        "val_loss": [
          1.4713735005908541,
          1.3570535379727682,
          1.2921510322146945,
          1.2281895715077717,
          1.2044075023651124,
          1.1633764539718627,
          1.1310850786421034,
          1.0876704373147752,
          1.0843187219513788,
          1.063847768274943,
          1.0482664696587456,
          1.0541039511998493,
          1.0450428054597642,
          1.0265554318004184,
          1.0192665422227647,
          1.0114587357203166,
          1.0146286395284865,
          1.0120095218870375,
          1.0068080686993068,
          1.00387244137658,
          1.0122879621505738,
          1.0065273163265651,
          1.0086292229122586,
          1.008507615407308,
          1.0016623950534396,
          1.0057471441056993,
          1.0091769629372491,
          1.007966146882375,
          1.0087306871202257,
          1.00872892197503
        ],
        "val_acc": [
          0.5551111111111111,
          0.6107444444444444,
          0.6453,
          0.6787333333333333,
          0.6809111111111111,
          0.7080777777777778,
          0.718,
          0.7374,
          0.7411777777777778,
          0.7500111111111111,
          0.7561777777777777,
          0.7564111111111111,
          0.7601555555555556,
          0.7659,
          0.7706666666666667,
          0.7759555555555555,
          0.7744,
          0.7748777777777778,
          0.7768666666666667,
          0.7797,
          0.7771777777777777,
          0.7802555555555556,
          0.7774444444444445,
          0.7805777777777778,
          0.7833333333333333,
          0.7818444444444445,
          0.7836555555555555,
          0.7848666666666667,
          0.7848666666666667,
          0.7838222222222222
        ]
      },
      "val": {
        "precision": [
          0.9010271903312373,
          0.8412959267509785,
          0.745011325638286,
          0.7021432050649024,
          0.6889439762015974,
          0.6609914292324982,
          0.834750155504007,
          0.8536557014984846,
          0.8351342676785758,
          0.7806122448971294
        ],
        "recall": [
          0.8284444444435238,
          0.7963333333324485,
          0.7674444444435916,
          0.6406666666659547,
          0.7719999999991422,
          0.6341111111104065,
          0.8946666666656725,
          0.8159999999990932,
          0.8673333333323695,
          0.8159999999990932
        ],
        "f1": [
          0.8632127301742326,
          0.8181973806983656,
          0.7560615132532416,
          0.6699976710496736,
          0.728111077016969,
          0.6472723098477395,
          0.8636704873358699,
          0.8344032217243128,
          0.850929302244552,
          0.7979139454579126
        ],
        "accuracy": 0.7833,
        "macro_precision": 0.7843565422797697,
        "macro_recall": 0.7832999999991295,
        "macro_f1": 0.7829769638802869
      },
      "test": {
        "precision": [
          0.8913595166152369,
          0.83790464979301,
          0.7375675962244326,
          0.7029823493600693,
          0.6905072827717824,
          0.6543736314386834,
          0.8360260176239654,
          0.85556073676748,
          0.8278906499299777,
          0.7782014617087403
        ],
        "recall": [
          0.8195555555546449,
          0.79088888888801,
          0.7728888888880301,
          0.6416666666659536,
          0.763777777776929,
          0.6308888888881878,
          0.8854444444434605,
          0.8154444444435384,
          0.8647777777768169,
          0.8163333333324262
        ],
        "f1": [
          0.8539507909557195,
          0.8137182002047219,
          0.754815251906044,
          0.6709265125815022,
          0.7252967504854165,
          0.6424166946671755,
          0.8600258961471594,
          0.8350210440405026,
          0.8459322812902437,
          0.7968114477431697
        ],
        "accuracy": 0.7801666666666667,
        "macro_precision": 0.7812373892233377,
        "macro_recall": 0.7801666666657996,
        "macro_f1": 0.7798914870021655
      }
    },
    {
      "logs": {
        "train_loss": [
          1.841093896929423,
          1.6757690786573622,
          1.5891807122760349,
          1.5371499370786879,
          1.5329301965925428,
          1.4673220902548896,
          1.4499749181111654,
          1.4096316847483317,
          1.3742102935579088,
          1.371669275961982,
          1.3598165146509806,
          1.3325735223558215,
          1.2988223775015937,
          1.2854601726320054,
          1.3017950112024943,
          1.2697324161953396,
          1.258358637746175,
          1.2370370365884569,
          1.2196502346250746,
          1.1908713583628336,
          1.1837416268030803,
          1.180632423040602,
          1.1736481857087877,
          1.1407553398980035,
          1.1602302850087485
        ],
        "val_loss": [
          1.4802959787792629,
          1.3730791998545329,
          1.3152784182230632,
          1.222441000980801,
          1.2019978607177735,
          1.1632939222547742,
          1.133254973856608,
          1.0970207189559937,
          1.0928719335344104,
          1.0854761987156338,
          1.0694603815714518,
          1.0576739751603867,
          1.0592784410582647,
          1.0500067063543532,
          1.035317245864868,
          1.0386003986252679,
          1.0260796236250136,
          1.0266984087838067,
          1.0209440638436211,
          1.006520498424106,
          1.0076330176671346,
          1.019163070848253,
          1.0144606796688505,
          1.0092142294036017,
          1.00875880923801
        ],
        "val_acc": [
          0.5524333333333333,
          0.6031444444444445,
          0.6352111111111111,
          0.6741555555555555,
          0.6877666666666666,
          0.7064222222222222,
          0.7190777777777778,
          0.7347777777777778,
          0.7357666666666667,
          0.7408333333333333,
          0.7496888888888888,
          0.7537555555555555,
          0.7489555555555556,
          0.7557,
          0.7632777777777778,
          0.7656777777777778,
          0.7684444444444445,
          0.7704333333333333,
          0.7736555555555555,
          0.779,
          0.7805,
          0.7786777777777778,
          0.7774111111111112,
          0.7803333333333333,
          0.7814111111111111
        ]
      },
      "val": {
        "precision": [
          0.8919627951336847,
          0.819747288381058,
          0.7782206071963682,
          0.7056190949767459,
          0.7304220266297331,
          0.6261036059986957,
          0.8357330530732151,
          0.810802139036566,
          0.8119667013519125,
          0.7790126095311187
        ],