{
  "config": {
    "model": "resnet18",
    "lr": 4.3178586365738596e-05,
    "weight_decay": 2.5129077755095298e-06,
    "dropout": 0.3,
    "batch_size": 64,
    "augmentation": true,
    "mix_type": null
  },
  "runs": [
    {
      "logs": {
        "train_loss": [
          1.0873749521361458,
          0.8948256801393297,
          0.8317256005181206,
          0.7844354998482598,
          0.7476332423739963,
          0.7129472146987915,
          0.6865181772655911,
          0.6629002425723606,
          0.6427546271006266,
          0.6264878373887803,
          0.6113038281546699
        ],
        "val_loss": [
          0.8676300933943855,
          0.8268955168406169,
          0.7999049056794908,
          0.7934883255640666,
          0.7928498614629109,
          0.7824616529040866,
          0.7854325611432393,
          0.7836246941460503,
          0.7946741933398777,
          0.7834430294142829,
          0.788458667839898
        ],
        "val_acc": [
          0.8513888888888889,
          0.8676777777777778,
          0.8799444444444444,
          0.8827777777777778,
          0.8814,
          0.8867,
          0.8860666666666667,
          0.8879444444444444,
          0.8833333333333333,
          0.8879333333333334,
          0.8868444444444444
        ]
      },
      "val": {
        "precision": [
          0.9379150066390681,
          0.896737263879912,
          0.8943927304954626,
          0.8630447761183724,
          0.8913175470541695,
          0.7864118450059997,
          0.9383726003480165,
          0.8806441427208918,
          0.9145234493182249,
          0.8679637118801311
        ],
        "recall": [
          0.9416666666656203,
          0.8703333333323662,
          0.8967777777767812,
          0.8031111111102187,
          0.8155555555546493,
          0.8321111111101864,
          0.9558888888878267,
          0.9296666666656336,
          0.9403333333322884,
          0.8823333333323529
        ],
        "f1": [
          0.9397870874806811,
          0.8833380271399566,
          0.8955836612218291,
          0.8319999950055119,
          0.8517551444141424,
          0.8086163098549187,
          0.9470497528153251,
          0.9044916441027374,
          0.9272488171759135,
          0.8750895316129601
        ],
        "accuracy": 0.8867777777777778,
        "macro_precision": 0.887132307346025,
        "macro_recall": 0.8867777777767923,
        "macro_f1": 0.8864959970823977
      },
      "test": {
        "precision": [
          0.9344334920800371,
          0.8929473926017769,
          0.890762786595138,
          0.8659390200488005,
          0.8973703433151967,
          0.7819447330139393,
          0.9454324533293433,
          0.8834232518767762,
          0.9103605066570202,
          0.8630868097147771
        ],
        "recall": [
          0.9374444444434028,
          0.863777777776818,
          0.8978888888878912,
          0.8109999999990988,
          0.8189999999990899,
          0.836333333332404,
          0.9509999999989432,
          0.9278888888878578,
          0.9343333333322951,
          0.8804444444434661
        ],
        "f1": [
          0.9359365416737764,
          0.8781204061604454,
          0.8943116373187001,
          0.837569562965849,
          0.8563959517887949,
          0.8082250567464314,
          0.9482080490620293,
          0.905110275173278,
          0.9221911448600073,
          0.871679220564687
        ],
        "accuracy": 0.8859111111111111,
        "macro_precision": 0.8865700789232805,
        "macro_recall": 0.8859111111101268,
        "macro_f1": 0.8857747846313998
      }
    },
    {
      "logs": {
        "train_loss": [
          1.089880561934577,
          0.8974985020319621,
          0.831826140054067,
          0.7838514107174344,
          0.7479233066134983,
          0.7161877765973409,
          0.6875049299240112,
          0.6654440374162462,
          0.6437340699089898,
          0.62678974831899,
          0.6123646016862657,
          0.6006649946424696
        ],
        "val_loss": [
          0.8713956265555488,
          0.8279823070420159,
          0.8085699371443854,
          0.7984731235398187,
          0.7875805326885648,
          0.7872290526284111,
          0.7842581932491727,
          0.7865279748916626,
          0.7974228385395474,
          0.7919427405887179,
          0.7885580695152282,
          0.784962721824646
        ],
        "val_acc": [
          0.8479888888888889,
          0.8679111111111111,
          0.8761111111111111,
          0.8797111111111111,
          0.8860888888888889,
          0.8855888888888889,
          0.8866444444444445,
          0.8859111111111111,
          0.8843888888888889,
          0.8864888888888889,
          0.8874555555555556,
          0.8883111111111112
        ]
      },
      "val": {
        "precision": [
          0.9188898450936758,
          0.8982656268177182,
          0.8798708288472767,
          0.8475463964467179,
          0.8666059640327035,
          0.7961456102775201,
          0.9575311438267751,
          0.9319939960732802,
          0.9116883116873249,
          0.8617009691812461
        ],
        "recall": [
          0.9491111111100564,
          0.8574444444434917,
          0.908222222221213,
          0.827111111110192,
          0.84599999999906,
          0.8262222222213041,
          0.9394444444434006,
          0.8968888888878923,
          0.9359999999989599,
          0.8792222222212452
        ],
        "f1": [
          0.9337560072434011,
          0.8773804736555625,
          0.8938217555251565,
          0.8372040663038572,
          0.8561790122043039,
          0.8109051204097762,
          0.948401565386379,
          0.9141045190934405,
          0.9236842055261685,
          0.8703734207268768
        ],
        "accuracy": 0.8865666666666666,
        "macro_precision": 0.8870238692284238,
        "macro_recall": 0.8865666666656814,
        "macro_f1": 0.8865810146074921
      },
      "test": {
        "precision": [
          0.9129504865779992,
          0.8985186049213827,
          0.8741536808158257,
          0.8404458957315162,
          0.8711670480539231,
          0.7887816774458818,
          0.9591230874617959,
          0.9385226741457006,
          0.9141231812701957,
          0.8564335060439805
        ],
        "recall": [
          0.9485555555545016,
          0.8558888888879378,
          0.9037777777767735,
          0.8293333333324118,
          0.84599999999906,
          0.8265555555546371,
          0.9333333333322962,
          0.8922222222212308,
          0.9284444444434128,
          0.881555555554576
        ],
        "f1": [
          0.9304125065805656,
          0.8766858198468868,
          0.8887189242547191,
          0.8348526318764198,
          0.8583990930835336,
          0.8072269495892382,
          0.9460524783876318,
          0.9147869624207021,
          0.9212281522122295,
          0.8688129603965016
        ],
        "accuracy": 0.8845666666666666,
        "macro_precision": 0.8854219842468201,
        "macro_recall": 0.8845666666656836,
        "macro_f1": 0.8847176478648429
      }
    },
    {
      "logs": {
        "train_loss": [
          1.091707653787401,
          0.8971547035217285,
          0.8290613635804918,
          0.7846852085325453,
          0.7453965975867377,
          0.7142061674118042,
          0.6873846674813164,
          0.6644550879796346,
          0.6435307051658631,
          0.6258337884902954,
          0.6107557589213053,
          0.6013492312749227,
          0.589358833832211
        ],