{
  "config": {
    "model": "cnn",
    "lr": 0.00046082521043368826,
    "weight_decay": 3.600654215799517e-05,
    "dropout": 0.3,
    "batch_size": 64,
    "augmentation": true,
    "mix_type": "mixup"
  },
  "runs": [
    {
      "logs": {
        "train_loss": [
          2.0564018559773762,
          1.924691992017958,
          1.8772074347813925,
          1.8304642176310222,
          1.7974874649471706,
          1.791207855182224,
          1.7655260417514378,
          1.7439830678304036,
          1.7254737131754558,
          1.724600120417277,
          1.7066575409995186,
          1.7071473225487603,
          1.6870874958462185,
          1.6784064752366807,
          1.666667210345798,
          1.6691453853819105,
          1.65753173828125,
          1.6486239645428127,
          1.6401911586549547,
          1.6385838764190674,
          1.6311579909854466,
          1.6287182625028822,
          1.6116846302456327,
          1.618170592074924,
          1.6254416417439779,
          1.6094905981699625,
          1.6041197425842286,
          1.6179874992370606,
          1.5858381099594965,
          1.589620123333401,
          1.595442601966858,
          1.5793334623124864,
          1.5824756578657362,
          1.5870727977752686,
          1.575186579047309,
          1.5810545034196641,
          1.5794242616441514,
          1.5596175609588623,
          1.566667724249098,
          1.571510282474094,
          1.5580437401241727
        ],
        "val_loss": [
          1.6806307094362047,
          1.5107681247287326,
          1.4471899483998616,
          1.3966205115848118,
          1.3391496517181396,
          1.289214997821384,
          1.2934735799153645,
          1.2604512688106961,
          1.2510186262978449,
          1.2370159689585367,
          1.2091996655782065,
          1.1683946161905925,
          1.171376816813151,
          1.1611228776295979,
          1.1469049142519634,
          1.1290418050236173,
          1.1121989794625176,
          1.1263375571780734,
          1.1155197404649522,
          1.1090089313824971,
          1.1131760946485731,
          1.1237987836837768,
          1.103746756384108,
          1.107054499583774,
          1.0839881287680733,
          1.0674545941458808,
          1.0859248585383097,
          1.0726140646192763,
          1.0603796640925938,
          1.0453707065370348,
          1.0412472581969368,
          1.0700647099388971,
          1.0746381302515666,
          1.0483754561318293,
          1.0432369600931803,
          1.0196977929327222,
          1.0387095318900215,
          1.033917406431834,
          1.0508474506802028,
          1.0326585148917304,
          1.0411405040317112
        ],
        "val_acc": [
          0.4394888888888889,
          0.5402555555555556,
          0.5738333333333333,
          0.6008111111111111,
          0.6299555555555556,
          0.6529555555555555,
          0.6647111111111111,
          0.6745666666666666,
          0.6939,
          0.6972333333333334,
          0.7030111111111111,
          0.7208,
          0.7213222222222222,
          0.7241444444444445,
          0.7277666666666667,
          0.7362666666666666,
          0.7383333333333333,
          0.7427111111111111,
          0.7494777777777778,
          0.7482666666666666,
          0.7546888888888889,
          0.7522,
          0.7589222222222223,
          0.7598444444444444,
          0.7663777777777778,
          0.7724222222222222,
          0.7715555555555556,
          0.7729333333333334,
          0.7768666666666667,
          0.7776333333333333,
          0.7745333333333333,
          0.7804666666666666,
          0.7746,
          0.7846,
          0.7858444444444445,
          0.7858888888888889,
          0.7866222222222222,
          0.7880111111111111,
          0.7870555555555555,
          0.7929666666666667,
          0.7938555555555555
        ]
      },
      "val": {
        "precision": [
          0.8717371737163908,
          0.7935813274973496,
          0.7856811325124324,
          0.7637984715528392,
          0.767209474462414,
          0.632373113853928,
          0.8414943013921047,
          0.776272537104516,
          0.8252498684894,
          0.7990897269172094
        ],
        "recall": [
          0.8608888888879322,
          0.8462222222212819,
          0.7523333333324973,
          0.5996666666660003,
          0.6909999999992321,
          0.6658888888881489,
          0.8859999999990155,
          0.8658888888879267,
          0.8715555555545871,
          0.8193333333324229
        ],
        "f1": [
          0.8662790647666693,
          0.8190568321285391,
          0.7686456982595096,
          0.671853598955597,
          0.7271132885940064,
          0.6486983767745628,
          0.8631738421554477,
          0.8186354275472518,
          0.8477708677399055,
          0.8090849192921921
        ],
        "accuracy": 0.7858777777777778,
        "macro_precision": 0.7856487127498585,
        "macro_recall": 0.7858777777769044,
        "macro_f1": 0.7840311916213681
      },
      "test": {
        "precision": [
          0.8655377369060607,
          0.7872429272358417,
          0.7778673422377039,
          0.761850207646052,
          0.7699169110450026,
          0.6307499739223628,
          0.8417120290310153,
          0.7762973352025883,
          0.8170230696293932,
          0.796898720450231
        ],
        "recall": [
          0.8575555555546026,
          0.8378888888879579,
          0.7505555555547215,
          0.5911111111104542,
          0.7001111111103332,
          0.6718888888881422,
          0.8762222222212486,
          0.8609999999990433,
          0.8617777777768202,
          0.8165555555546482
        ],
        "f1": [
          0.8615281526148179,
          0.8117767321803642,
          0.7639674231844015,
          0.6657073090999424,
          0.733356605811166,
          0.6506698179988528,
          0.8586204969336866,
          0.8164576917778781,
          0.8388038667378974,
          0.8066073926510476
        ],
        "accuracy": 0.7824666666666666,
        "macro_precision": 0.782509625330625,
        "macro_recall": 0.7824666666657972,
        "macro_f1": 0.7807495488990053
      }
    },
    {
      "logs": {
        "train_loss": [
          2.0548613663143582,
          1.9305810113271078,
          1.867256336127387,
          1.840453454377916,
          1.8165025546391804,
          1.7835685436672635,
          1.7727878172980414,
          1.7436812754737006,
          1.7217372302161322,
          1.7199185995737711,
          1.708770834181044,
          1.6886085550520156,
          1.6825575949986775,
          1.674780670144823,
          1.6729726896074084,
          1.669585047446357,
          1.6556005417293973,
          1.6629759724299114,
          1.648771787155999,
          1.634905036968655,
          1.6277518331315783,
          1.6304128873613146,
          1.621175053638882,
          1.6163412422392103,
          1.610212989001804,
          1.603436437394884,
          1.6107175697750515,
          1.6098374796125623,
          1.5908199023564658,
          1.5982934099197388,
          1.5893092724694147,
          1.5924165741814507
        ],