{
  "config": {
    "model": "cnn",
    "lr": 0.00046082521043368826,
    "weight_decay": 3.600654215799517e-05,
    "dropout": 0.3,
    "batch_size": 64,
    "augmentation": false,
    "mix_type": "cutmix"
  },
  "runs": [
    {
      "logs": {
        "train_loss": [
          2.0072852546056112,
          1.8845001509772408,
          1.828762281205919,
          1.7852920384936863,
          1.756261169772678,
          1.7409746210945978,
          1.7096167753855387,
          1.6935058672587078,
          1.6836627137502034,
          1.661439716720581,
          1.6502205110338,
          1.6259381013446383,
          1.6224064684549968,
          1.6143890266206529,
          1.5985619416978625,
          1.5852168348948161,
          1.579620072364807,
          1.5617041779836018,
          1.5529030377705892,
          1.5513946758906048,
          1.5336219863043892,
          1.537609180577596,
          1.5287124043358697,
          1.5290176271650526,
          1.5041651254442003,
          1.5146883765326606,
          1.498424171532525,
          1.4984141822603014,
          1.505563234202067,
          1.4753633405897353,
          1.4775196971257527,
          1.468334213426378,
          1.467529004711575,
          1.4642526235792372,
          1.4668861921098497,
          1.4570504490746392
        ],
        "val_loss": [
          1.6028904721577961,
          1.4506939968532986,
          1.3578642448425293,
          1.3081826772054037,
          1.2763903399573433,
          1.2505727384779188,
          1.2166874272876316,
          1.2005421610302396,
          1.1540202560954624,
          1.1530045252905952,
          1.149132642057207,
          1.1447269024742974,
          1.1180775075276692,
          1.1004363759358724,
          1.0984808863639832,
          1.0660032661861845,
          1.0880228378401862,
          1.0391413614696927,
          1.0525933367729188,
          1.0515651423772177,
          1.0454735378689237,
          1.0626400555504694,
          1.0329604746500651,
          1.0469694218953451,
          1.0208553499645656,
          1.0463112173716227,
          1.0080674736234876,
          1.0085980498843723,
          1.0130008246527777,
          1.008236059972975,
          0.987005630493164,
          1.0017712462743122,
          0.9985011619355944,
          1.00739950082567,
          1.014503820821974,
          0.9891743658489651
        ],
        "val_acc": [
          0.48725555555555555,
          0.5686111111111111,
          0.6140888888888889,
          0.6399777777777778,
          0.6611222222222222,
          0.6719777777777778,
          0.6952666666666667,
          0.6957222222222222,
          0.7159666666666666,
          0.7173555555555555,
          0.7262222222222222,
          0.7304333333333334,
          0.7403666666666666,
          0.7378888888888889,
          0.7369333333333333,
          0.756,
          0.7482333333333333,
          0.7621555555555556,
          0.7680888888888889,
          0.7623222222222222,
          0.7687555555555555,
          0.7612777777777778,
          0.7688555555555555,
          0.7635777777777778,
          0.7766888888888889,
          0.7654444444444445,
          0.7808,
          0.7815888888888889,
          0.7852444444444444,
          0.7795666666666666,
          0.7889444444444444,
          0.7867444444444445,
          0.7881222222222222,
          0.7890555555555555,
          0.7831,
          0.7858222222222222
        ]
      },
      "val": {
        "precision": [
          0.856800870510493,
          0.8088343300799403,
          0.7796689204933788,
          0.7128272880125957,
          0.690920024052224,
          0.6462806332675707,
          0.8445655591648207,
          0.835881294963089,
          0.8723015419750173,
          0.8538143555043796
        ],
        "recall": [
          0.8748888888879167,
          0.8565555555546037,
          0.7431111111102854,
          0.6594444444437116,
          0.7659999999991488,
          0.6622222222214864,
          0.8953333333323384,
          0.8262222222213041,
          0.8485555555546126,
          0.7573333333324918
        ],
        "f1": [
          0.8657504073140521,
          0.8320112194379383,
          0.7609511839882488,
          0.685097536274235,
          0.7265254455341695,
          0.6541543139551333,
          0.8692087755437433,
          0.8310236874444793,
          0.860264709165007,
          0.8026850329961404
        ],
        "accuracy": 0.7889666666666667,
        "macro_precision": 0.7901894818023508,
        "macro_recall": 0.7889666666657899,
        "macro_f1": 0.7887672311653147
      },
      "test": {
        "precision": [
          0.8513572204116705,
          0.8047729184179933,
          0.7776733254984985,
          0.7154766219636154,
          0.6939802697798529,
          0.6423641069880905,
          0.8401725589216749,
          0.8391937290024196,
          0.8659852356605724,
          0.8489932885895488
        ],
        "recall": [
          0.8712222222212541,
          0.8505555555546104,
          0.7353333333325163,
          0.6579999999992688,
          0.7659999999991488,
          0.6617777777770424,
          0.8872222222212364,
          0.8326666666657414,
          0.8472222222212807,
          0.7589999999991566
        ],
        "f1": [
          0.8611751734730854,
          0.8270311099553945,
          0.7559109030555934,
          0.6855356782863095,
          0.728213790300296,
          0.6519264398340197,
          0.8630566314057164,
          0.8359174517754963,
          0.8565009778696181,
          0.8014783477074345
        ],
        "accuracy": 0.7869,
        "macro_precision": 0.7879969275233936,
        "macro_recall": 0.7868999999991255,
        "macro_f1": 0.7866746503662962
      }
    },
    {
      "logs": {
        "train_loss": [
          2.004967965698242,
          1.8859750928243002,
          1.8340202502144707,
          1.8064993339538573,
          1.767981738111708,
          1.7454778172810872,
          1.71848018345303,
          1.7037155639224582,
          1.6892651755226984,
          1.6577644755257501,
          1.658397663646274,
          1.63417122853597,
          1.633205962117513,
          1.6061180309507581,
          1.5983540678660075,
          1.594264656194051,
          1.5794018114937676,
          1.5631767804675631,
          1.5705540235731337,
          1.5634772627088758,
          1.546179478539361,
          1.5333778149498833,
          1.5261810605367025,
          1.5332195206112331,
          1.5195885922961765,
          1.510725337960985,
          1.5105333668814764,
          1.5055301948547364,
          1.5140730751037597,
          1.4999245723088583,
          1.4963523027208117,
          1.4724875773111978,
          1.4702750318315294,
          1.469443542459276,
          1.4695547947353786,
          1.4550708091947768,
          1.4568220795525444,
          1.4395905357572767,
          1.4432402238210043,
          1.4318817311180962,
          1.4376765222761365,
          1.439860936164856,
          1.4338267697228326,
          1.4411736078050401,
          1.4274171555625068,
          1.4232257486449347,
          1.4159757053163315,
          1.412231414159139,
          1.4041013461007013,
          1.4083226818084718,
          1.3937282358805339,
          1.3896514605204264,
          1.3965408903333876,
          1.3977685230678982,
          1.383248166147868
        ],