{
  "config": {
    "model": "cnn",
    "lr": 0.00046082521043368826,
    "weight_decay": 3.600654215799517e-05,
    "dropout": 0.3,
    "batch_size": 64,
    "augmentation": false,
    "mix_type": "both"
  },
  "runs": [
    {
      "logs": {
        "train_loss": [
          1.9791162375979954,
          1.8600564439985487,
          1.8060787115732828,
          1.7776822544945612,
          1.7480712469948663,
          1.7270030922147963,
          1.700264781697591,
          1.68408148405287,
          1.6725667844560412,
          1.6518033259073894,
          1.6467345406426324,
          1.6202849198659262,
          1.6132257207658556,
          1.5931704761928982,
          1.5953916171179878,
          1.5798969173219468,
          1.5745664017783272,
          1.5682961113823786,
          1.5514890197753906,
          1.5507775592803954,
          1.5486516828748915,
          1.5347689666324191,
          1.527267997572157,
          1.5132495608859593,
          1.51071107612186,
          1.5138389690611098,
          1.5108429890738593,
          1.4979940606223212,
          1.4955804284413656,
          1.4830723107443915,
          1.481049545563592,
          1.4830692015753852,
          1.4649278621461657,
          1.459944441901313,
          1.4435707881715563,
          1.45366305264367,
          1.4413790662659538,
          1.4477788707309298,
          1.4413964995702109,
          1.4403798045688205,
          1.4376681836022271,
          1.429453367529975
        ],
        "val_loss": [
          1.584909145418803,
          1.427310346645779,
          1.3971853463914659,
          1.2925657295650905,
          1.2778842504925199,
          1.225682329940796,
          1.2079751896328397,
          1.173252380212148,
          1.1521604880438912,
          1.1329154227574667,
          1.1211769642088147,
          1.1126143491956924,
          1.110096002705892,
          1.1065416325463189,
          1.0952449147648282,
          1.0460723067601523,
          1.1212099881384108,
          1.0692561737272475,
          1.0721921280331081,
          1.043607604598999,
          1.0356082139968872,
          1.0540739626778497,
          1.0559327629089355,
          1.0281933314323426,
          1.0361459378136528,
          1.0370717634836832,
          1.020508679623074,
          0.9966679651260376,
          1.0219343380186292,
          1.0051791203392877,
          0.9958374822616577,
          1.010745932091607,
          1.0006552281697592,
          0.9932248689757454,
          1.0231842679553562,
          0.9969449402915107,
          0.9917544776492648,
          1.0183242102728949,
          1.0158198486540053,
          0.9920733122507731,
          1.010292323229048,
          1.0087485180536906
        ],
        "val_acc": [
          0.5111444444444444,
          0.5969555555555556,
          0.6102777777777778,
          0.6517333333333334,
          0.6680444444444444,
          0.6870222222222222,
          0.7076555555555556,
          0.7089222222222222,
          0.7228444444444444,
          0.7315777777777778,
          0.7346333333333334,
          0.7403333333333333,
          0.7448555555555556,
          0.7492555555555556,
          0.7500555555555556,
          0.7635333333333333,
          0.7465777777777778,
          0.7647111111111111,
          0.7639777777777778,
          0.7736777777777778,
          0.7755111111111112,
          0.7694,
          0.7701,
          0.7760888888888889,
          0.7823888888888889,
          0.7754888888888889,
          0.7830777777777778,
          0.7870666666666667,
          0.7859333333333334,
          0.7859555555555555,
          0.7907777777777778,
          0.7879777777777778,
          0.7908,
          0.7912777777777777,
          0.7900333333333334,
          0.7894666666666666,
          0.7927,
          0.7917333333333333,
          0.7905555555555556,
          0.7955555555555556,
          0.7937111111111111,
          0.7927111111111111
        ]
      },
      "val": {
        "precision": [
          0.8688176844916056,
          0.8358696877456477,
          0.7785250199466789,
          0.7310362236517342,
          0.7829687306874515,
          0.6353244078263282,
          0.8145962427453382,
          0.8472206562173331,
          0.8232181761584985,
          0.8102222222213219
        ],
        "recall": [
          0.8646666666657058,
          0.8238888888879734,
          0.7588888888880456,
          0.6435555555548405,
          0.7038888888881067,
          0.6854444444436828,
          0.9202222222211996,
          0.8348888888879612,
          0.8816666666656869,
          0.8102222222213219
        ],
        "f1": [
          0.8667372005456467,
          0.8298360422266835,
          0.7685815512932046,
          0.6845121973476346,
          0.7413258390247442,
          0.6594334530503221,
          0.8641936612147433,
          0.8410095646450826,
          0.8514405229302808,
          0.8102222172213219
        ],
        "accuracy": 0.7927333333333333,
        "macro_precision": 0.7927799051691938,
        "macro_recall": 0.7927333333324524,
        "macro_f1": 0.7917292249499664
      },
      "test": {
        "precision": [
          0.8627058299945897,
          0.8296480144394972,
          0.7792522501721909,
          0.726711206352292,
          0.7872078720777526,
          0.6294743301282169,
          0.8103993673380679,
          0.8479664665222069,
          0.8231249999991425,
          0.8053418333690862
        ],
        "recall": [
          0.8615555555545982,
          0.8171111111102032,
          0.7503333333324995,
          0.6405555555548438,
          0.7111111111103209,
          0.6838888888881289,
          0.9108888888878767,
          0.8316666666657425,
          0.8779999999990243,
          0.8141111111102065
        ],
        "f1": [
          0.8621303040939957,
          0.823331835572588,
          0.7645194108279341,
          0.6809189107457365,
          0.747227081993928,
          0.6555543671454924,
          0.8577108131789395,
          0.8397374718604701,
          0.8496774143591279,
          0.8097027245826313
        ],
        "accuracy": 0.7899222222222222,
        "macro_precision": 0.7901832170393043,
        "macro_recall": 0.7899222222213444,
        "macro_f1": 0.7890510334360843
      }
    },
    {
      "logs": {
        "train_loss": [
          1.9848828567292955,
          1.8677565402136909,
          1.8194458217408922,
          1.7808586218939888,
          1.7558989860534668,
          1.724637615246243,
          1.7095160636054145,
          1.678455684153239,
          1.6711177763621012,
          1.647932066514757,
          1.640395867284139,
          1.6212576634724936,
          1.610166043302748,
          1.595610119374593,
          1.5951339570151435,
          1.579272412808736,
          1.5849212416754828,
          1.5686174169752334,
          1.5601256586286756,
          1.5510076154496935,
          1.5373003376430936,
          1.5372706668429905,
          1.520256057633294,
          1.5165829342312283,
          1.5169238288243612,
          1.4831403774049547,
          1.4999408848656548,
          1.5030697736528185,
          1.494781537161933,
          1.4785759612613254,
          1.485117153231303,
          1.472949621963501
        ],