{
  "config": {
    "model": "resnet18",
    "lr": 4.3178586365738596e-05,
    "weight_decay": 2.5129077755095298e-06,
    "dropout": 0.3,
    "batch_size": 64,
    "augmentation": true,
    "mix_type": "both"
  },
  "runs": [
    {
      "logs": {
        "train_loss": [
          1.7039106598536173,
          1.5647238623725044,
          1.5105665024227566,
          1.4863742933909099,
          1.4589581674363878,
          1.4375401151445177,
          1.4231072445339628,
          1.415389757707384,
          1.4117671221203274,
          1.3880558500501845,
          1.3688276224772136,
          1.3635587769402397,
          1.3747492703119915,
          1.3612991816838582,
          1.354273814815945,
          1.3262414375940959,
          1.329636295912001,
          1.3240720600128173,
          1.3212548949347602,
          1.3223715163124932,
          1.3128232773145039
        ],
        "val_loss": [
          0.9575120596991645,
          0.8928627851698133,
          0.8756861801995172,
          0.8737365327623156,
          0.8539206805123223,
          0.8366345401763916,
          0.8431868591308593,
          0.8219170072661506,
          0.841875112915039,
          0.8037611726972792,
          0.800674403974745,
          0.8064956077045865,
          0.8058051227357652,
          0.8432950238333808,
          0.8112260062747532,
          0.783289476776123,
          0.7893463105943468,
          0.7889172511206732,
          0.8092451952298483,
          0.785846285141839,
          0.792938553958469
        ],
        "val_acc": [
          0.8199444444444445,
          0.8454777777777778,
          0.8584222222222222,
          0.8623444444444445,
          0.8730555555555556,
          0.8755777777777778,
          0.8762888888888889,
          0.8808777777777778,
          0.8823555555555556,
          0.8860111111111111,
          0.8875777777777778,
          0.8888111111111111,
          0.8898333333333334,
          0.8880666666666667,
          0.8909777777777778,
          0.8951444444444444,
          0.8947888888888889,
          0.8940444444444444,
          0.8936333333333333,
          0.8948333333333334,
          0.8958222222222222
        ]
      },
      "val": {
        "precision": [
          0.925287975023226,
          0.888962692349287,
          0.8891177108162918,
          0.8439249259128043,
          0.8706238779164377,
          0.847154856263046,
          0.9467122683131655,
          0.9197380106561726,
          0.9309616453574975,
          0.8847233135022059
        ],
        "recall": [
          0.9549999999989388,
          0.8922222222212308,
          0.9114444444434316,
          0.854333333332384,
          0.8621111111101531,
          0.7956666666657826,
          0.9534444444433849,
          0.9205555555545326,
          0.9304444444434106,
          0.8757777777768047
        ],
        "f1": [
          0.939909230059546,
          0.8905894698506898,
          0.9001426483521346,
          0.8490972287246104,
          0.8663465782952676,
          0.8206039026416265,
          0.9500664254684528,
          0.9201465965094188,
          0.9307029680470349,
          0.880227813414468
        ],
        "accuracy": 0.8951,
        "macro_precision": 0.8947207276110134,
        "macro_recall": 0.8950999999990052,
        "macro_f1": 0.894783286136325
      },
      "test": {
        "precision": [
          0.92924477191361,
          0.8839760638288076,
          0.883798641801354,
          0.8348693483673046,
          0.8747307561491047,
          0.8435655253827111,
          0.9480173275564278,
          0.921181172290274,
          0.9274640088583305,
          0.8786315199092779
        ],
        "recall": [
          0.9528888888878301,
          0.8863333333323484,
          0.9109999999989877,
          0.8555555555546048,
          0.8573333333323807,
          0.7938888888880067,
          0.9483333333322795,
          0.9219999999989755,
          0.9305555555545215,
          0.8703333333323662
        ],
        "f1": [
          0.9409183119672261,
          0.8851531241601451,
          0.8971931886315065,
          0.8450858754805324,
          0.8659446670156934,
          0.8179736641507748,
          0.9481752991149274,
          0.9215903992637486,
          0.9290072052041968,
          0.8744627357192033
        ],
        "accuracy": 0.8928222222222222,
        "macro_precision": 0.8925479136057202,
        "macro_recall": 0.8928222222212302,
        "macro_f1": 0.8925504470707957
      }
    },
    {
      "logs": {
        "train_loss": [
          1.705996456612481,
          1.5612718927807279,
          1.5189846088409424,
          1.4819978778203329,
          1.4549004212909276,
          1.435350924979316,
          1.4403246030171712,
          1.4116804903666178,
          1.3971902840508355,
          1.3870392542097303,
          1.3809148365020751,
          1.3629135516378614,
          1.347527052561442,
          1.3529000150044759,
          1.3565397969139947,
          1.325865050294664,
          1.3342474188910591,
          1.329268671713935,
          1.3210799057006837,
          1.303133772193061,
          1.3174124892340766
        ],
        "val_loss": [
          0.9573410193125407,
          0.9183563054190742,
          0.8773356864293417,
          0.8600543756696913,
          0.8377574139700995,
          0.837251240603129,
          0.847078794754876,
          0.8233025254143609,
          0.8251579094356961,
          0.8043554966184828,
          0.8372767028172811,
          0.8005235976431105,
          0.7929565601454841,
          0.7995188784175449,
          0.7962300242000157,
          0.785338718032837,
          0.8017993401633369,
          0.7953378015200298,
          0.7859330250634088,
          0.7976859992980957,
          0.785792289712694
        ],
        "val_acc": [
          0.8195222222222223,
          0.8435777777777778,
          0.8583444444444445,
          0.8608666666666667,
          0.8712111111111112,
          0.8739444444444444,
          0.8776111111111111,
          0.8821222222222223,
          0.8836,
          0.886,
          0.8827333333333334,
          0.8906888888888889,
          0.8913666666666666,
          0.8896888888888889,
          0.8918333333333334,
          0.8905222222222222,
          0.8916444444444445,
          0.8930111111111111,
          0.8942666666666667,
          0.8939666666666667,
          0.8970555555555556
        ]
      },
      "val": {
        "precision": [
          0.9463768115931478,
          0.890403243972865,
          0.8941665754614269,
          0.892700087949626,
          0.8917446405295608,
          0.7471155664831216,
          0.9343183779109854,
          0.9442867281748943,
          0.9321111111100754,
          0.860732309673724
        ],
        "recall": [
          0.9432222222211741,
          0.8783333333323573,
          0.907777777776769,
          0.7894444444435672,
          0.836555555554626,
          0.8777777777768024,
          0.9625555555544859,
          0.8869999999990144,
          0.9321111111100754,
          0.890666666665677
        ],
        "f1": [
          0.9447968786940096,
          0.8843271009395053,
          0.9009207646965958,
          0.8379031732712862,
          0.8632689281004796,
          0.807193210521442,
          0.9482267900963922,
          0.9147473308580902,
          0.9321111061100755,
          0.8754436688933676
        ],
        "accuracy": 0.8905444444444445,
        "macro_precision": 0.8933955452859426,
        "macro_recall": 0.8905444444434549,
        "macro_f1": 0.8908938952181245
      },