{
  "config": {
    "model": "cnn",
    "lr": 0.00046082521043368826,
    "weight_decay": 3.600654215799517e-05,
    "dropout": 0.3,
    "batch_size": 64,
    "augmentation": false,
    "mix_type": "mixup"
  },
  "runs": [
    {
      "logs": {
        "train_loss": [
          1.9537091758304173,
          1.8165636780209011,
          1.768507973437839,
          1.718942945819431,
          1.6857267900678847,
          1.678503038787842,
          1.6498289124806722,
          1.6256282477060955,
          1.604620922088623,
          1.6001969262864855,
          1.5807857960383098,
          1.5795572811974419,
          1.5573199229346382,
          1.5424969459109836,
          1.527695613945855,
          1.5257017897499932,
          1.5124336766984727,
          1.4993082555982802,
          1.4901346926795112,
          1.4849476119147407,
          1.4726634706285264,
          1.4663590579986572
        ],
        "val_loss": [
          1.517662871339586,
          1.441169662729899,
          1.3621290762583416,
          1.3087110915289986,
          1.2542434958034092,
          1.2155688614527385,
          1.2066880507151285,
          1.1767254472096762,
          1.1548523583200243,
          1.1651739813486734,
          1.1233748394224379,
          1.1049821004337734,
          1.1028880761676365,
          1.1013052250332303,
          1.0920429742919073,
          1.0728646966722277,
          1.047509706793891,
          1.0651025629255506,
          1.0545522669262357,
          1.0673339331520928,
          1.0747661591211954,
          1.0770271278593275
        ],
        "val_acc": [
          0.5477555555555556,
          0.5883111111111111,
          0.6277111111111111,
          0.6416111111111111,
          0.6709222222222222,
          0.6923444444444444,
          0.7030444444444445,
          0.7143333333333334,
          0.7281444444444445,
          0.7265111111111111,
          0.7406666666666667,
          0.7468444444444444,
          0.7534555555555555,
          0.7439222222222223,
          0.7532666666666666,
          0.7617222222222222,
          0.7648,
          0.7657777777777778,
          0.7656333333333334,
          0.7632,
          0.7660333333333333,
          0.7665333333333333
        ]
      },
      "val": {
        "precision": [
          0.8356741573024679,
          0.7936354869808275,
          0.7400110680678029,
          0.6376052577524772,
          0.7842046718565292,
          0.6918942475295005,
          0.7918945312492266,
          0.7639939485620131,
          0.8266209338340046,
          0.7728679688325617
        ],
        "recall": [
          0.8594444444434894,
          0.8229999999990855,
          0.7428888888880634,
          0.6898888888881223,
          0.6266666666659703,
          0.5292222222216342,
          0.9009999999989988,
          0.8416666666657314,
          0.8301111111101886,
          0.8045555555546615
        ],
        "f1": [
          0.8473926330368645,
          0.8080510504745041,
          0.741447181026366,
          0.662717467522792,
          0.6966403112670129,
          0.5997229867777278,
          0.8429313879512851,
          0.8009516207047472,
          0.8283623411572144,
          0.7883934840315909
        ],
        "accuracy": 0.7648444444444444,
        "macro_precision": 0.7638402271967412,
        "macro_recall": 0.7648444444435947,
        "macro_f1": 0.7616610463950105
      },
      "test": {
        "precision": [
          0.826619016676601,
          0.7860548903244823,
          0.7317532395606027,
          0.6343268242542298,
          0.7831755180447603,
          0.6905622199729866,
          0.7912683551780907,
          0.7728758169926747,
          0.8224153297673547,
          0.7685469361829097
        ],
        "recall": [
          0.8481111111101687,
          0.8242222222213064,
          0.7341111111102954,
          0.6857777777770158,
          0.6341111111104065,
          0.530888888888299,
          0.8921111111101198,
          0.8408888888879545,
          0.8202222222213108,
          0.8068888888879923
        ],
        "f1": [
          0.8372271530562833,
          0.8046862237810217,
          0.7329302739941526,
          0.6590496479700522,
          0.7008043175202195,
          0.6002889579592425,
          0.8386692382405484,
          0.8054491222962318,
          0.8213173069706127,
          0.7872513365382348
        ],
        "accuracy": 0.7617333333333334,
        "macro_precision": 0.7607598146954692,
        "macro_recall": 0.7617333333324869,
        "macro_f1": 0.7587673578326599
      }
    },
    {
      "logs": {
        "train_loss": [
          1.9568410555733575,
          1.827045910856459,
          1.7600590316772462,
          1.7360707118140326,
          1.704697249815199,
          1.6702113472832574,
          1.6578086736891005,
          1.626291092215644,
          1.6021483673095702,
          1.5982239788479276,
          1.5822467589060465,
          1.5614719175550673,
          1.5474003710216946,
          1.5381218102561103,
          1.5348391283671061,
          1.5299089177661471,
          1.5098471670362685,
          1.5165135510338676,
          1.4984153722974989,
          1.477221312406328,
          1.470153575346205,
          1.46883485338423,
          1.4579668037838407,
          1.4483660825835334,
          1.4386098592970107,
          1.429418354818556,
          1.4362379886627197,
          1.4296148431566027,
          1.4110349556075201,
          1.4138212800555758,
          1.4029812418407863
        ],
        "val_loss": [
          1.5498924897087945,
          1.4315435453414918,
          1.3560590468088787,
          1.313831579293145,
          1.2679576801088122,
          1.224961080318027,
          1.2162894359164769,
          1.1549006725735134,
          1.1719672995885213,
          1.1566744719187418,
          1.1374336289299858,
          1.091169358115726,
          1.0980440132988825,
          1.0807247987323336,
          1.0945402448866102,
          1.063434269979265,
          1.0484043834474353,
          1.084706040933397,
          1.04926317764918,
          1.055049954562717,
          1.0366242912504409,
          1.0922023063235813,
          1.0615598300933837,
          1.0365615257051255,
          1.0848730324851141,
          1.0271654874589708,
          1.0312138967620001,
          1.081614425616794,
          1.0531814953062268,
          1.0436401876449586,
          1.0447398576524523
        ],
        "val_acc": [
          0.5426444444444445,
          0.5821666666666667,
          0.6282888888888889,
          0.6549666666666667,
          0.6760888888888889,
          0.6868555555555556,
          0.6949444444444445,
          0.7223666666666667,
          0.7158555555555556,
          0.7320222222222222,
          0.7410888888888889,
          0.7446444444444444,
          0.7548555555555555,
          0.7556111111111111,
          0.7566555555555555,
          0.7666444444444445,
          0.7650333333333333,
          0.7602555555555556,
          0.7698888888888888,
          0.7724888888888889,
          0.7738,
          0.7676111111111111,
          0.7689222222222222,
          0.7762222222222223,
          0.7676444444444445,
          0.7799,
          0.7772333333333333,
          0.7683777777777778,
          0.7746666666666666,
          0.7764666666666666,
          0.7771111111111111
        ]
      },
      "val": {
        "precision": [
          0.8305832895419542,
          0.8191740744899074,
          0.7497282017821811,
          0.7160979322583837,
          0.7327469553442345,
          0.6208376963344284,
          0.8844009557391234,
          0.8252730109195171,
          0.8434947980749037,
          0.779823347876152
        ],