{
  "config": {
    "model": "resnet18",
    "lr": 4.3178586365738596e-05,
    "weight_decay": 2.5129077755095298e-06,
    "dropout": 0.3,
    "batch_size": 64,
    "augmentation": false,
    "mix_type": "both"
  },
  "runs": [
    {
      "logs": {
        "train_loss": [
          1.6471285153071085,
          1.5045538953145345,
          1.4390708276642694,
          1.4090789480421277,
          1.3765562622070313,
          1.3545182527965969,
          1.3322281693352593,
          1.3226744866689046,
          1.3159514392640856,
          1.2894852418263754,
          1.2670247516208224,
          1.261248702981737,
          1.2727215190251668,
          1.2569331499099732,
          1.2505454618877834,
          1.2207553798251682
        ],
        "val_loss": [
          0.9419145063082377,
          0.8681701121542189,
          0.8589444218423632,
          0.8636037882063123,
          0.8443694777700637,
          0.8430228286319309,
          0.8377498878690931,
          0.8266985069698758,
          0.8422943399853177,
          0.812842340903812,
          0.8111491948657565,
          0.8249459645377265,
          0.8241532707744175,
          0.8517886987262302,
          0.8303610613187155,
          0.8121381973054674
        ],
        "val_acc": [
          0.83,
          0.8567111111111111,
          0.8667888888888889,
          0.8719444444444444,
          0.8765555555555555,
          0.8799666666666667,
          0.8810444444444444,
          0.8828888888888888,
          0.8839666666666667,
          0.8868222222222222,
          0.8881666666666667,
          0.8867,
          0.8894222222222222,
          0.8860222222222223,
          0.8877777777777778,
          0.8897555555555555
        ]
      },
      "val": {
        "precision": [
          0.9134268111313857,
          0.8634318766057589,
          0.9271150691341373,
          0.8525250201301592,
          0.8797992764606374,
          0.7786826100393993,
          0.9455603117100805,
          0.9192078316631942,
          0.9317597046639089,
          0.8788566243184223
        ],
        "recall": [
          0.9554444444433827,
          0.8956666666656714,
          0.8791111111101343,
          0.8234444444435294,
          0.8376666666657359,
          0.8393333333324007,
          0.9572222222211586,
          0.9076666666656581,
          0.9254444444434161,
          0.8608888888879322
        ],
        "f1": [
          0.9339632838035113,
          0.8792539217022906,
          0.9024751860598765,
          0.8377324315573887,
          0.8582161712215095,
          0.8078712318384164,
          0.9513555247876636,
          0.9134007888718232,
          0.9285913323087944,
          0.8697799680574825
        ],
        "accuracy": 0.8881888888888889,
        "macro_precision": 0.8890365135857083,
        "macro_recall": 0.8881888888879018,
        "macro_f1": 0.8882639840208757
      },
      "test": {
        "precision": [
          0.9130111524153871,
          0.8575257289870738,
          0.9190603558542632,
          0.8453921458300377,
          0.8810836167457708,
          0.7823639774851132,
          0.9445121275878341,
          0.9202931228850955,
          0.9288993393786485,
          0.8732426303844973
        ],
        "recall": [
          0.9551111111100498,
          0.8887777777767901,
          0.8781111111101354,
          0.8347777777768501,
          0.8347777777768501,
          0.8339999999990733,
          0.9475555555545027,
          0.9069999999989922,
          0.9217777777767535,
          0.8557777777768268
        ],
        "f1": [
          0.933586744933646,
          0.8728721032503215,
          0.8981192063204001,
          0.8400514290016082,
          0.8573058659446383,
          0.8073572070081065,
          0.9460313888644024,
          0.9135982042885539,
          0.9253248513929966,
          0.8644219927548711
        ],
        "accuracy": 0.8857666666666667,
        "macro_precision": 0.8865384197553722,
        "macro_recall": 0.8857666666656824,
        "macro_f1": 0.8858668993759545
      }
    },
    {
      "logs": {
        "train_loss": [
          1.6496485308117337,
          1.5012441316392686,
          1.4533574119355943,
          1.4113717150158351,
          1.378160159810384,
          1.3538381942749023,
          1.3570716738382975,
          1.3214559443579779,
          1.3045799332300823,
          1.2923525269720288,
          1.2847606039894952,
          1.2630382803705003,
          1.2452141619152493,
          1.2506820349057515,
          1.2543622442033555,
          1.2202588731977675,
          1.2320429891798232,
          1.2261039527893067,
          1.2183349143134223,
          1.200904105144077,
          1.2163699147542317
        ],
        "val_loss": [
          0.9329800221761068,
          0.8901895825492011,
          0.8520308673010932,
          0.8431856470743815,
          0.8238929380628798,
          0.8248041080686781,
          0.8274973772472806,
          0.821921830092536,
          0.8196156450907389,
          0.8091336567348905,
          0.8256334103902181,
          0.8020936857859293,
          0.8011628551165263,
          0.8041458865059746,
          0.8125355317433676,
          0.7959003142250909,
          0.8071009750154283,
          0.8120672793388367,
          0.8051570469220479,
          0.8124072617954678,
          0.8069973528544108
        ],
        "val_acc": [
          0.8305444444444444,
          0.8543333333333333,
          0.8678333333333333,
          0.8681888888888889,
          0.8794777777777778,
          0.8815888888888889,
          0.8803444444444445,
          0.8829777777777778,
          0.8840111111111111,
          0.8862,
          0.8858888888888888,
          0.8896333333333334,
          0.8908444444444444,
          0.8891444444444444,
          0.8871444444444444,
          0.8893555555555556,
          0.8900555555555556,
          0.8888111111111111,
          0.8912333333333333,
          0.8883,
          0.8905444444444445
        ]
      },
      "val": {
        "precision": [
          0.9403730846092155,
          0.8802054259228757,
          0.890750816103492,
          0.8816640234221279,
          0.8857412653436192,
          0.7658623771216703,
          0.9489492793476191,
          0.9374709976787268,
          0.9254733597523938,
          0.8536611552492445
        ],
        "recall": [
          0.9409999999989543,
          0.8759999999990266,
          0.9095555555545448,
          0.8029999999991078,
          0.8337777777768512,
          0.8569999999990477,
          0.9583333333322684,
          0.8978888888878912,
          0.9341111111100732,
          0.8834444444434627
        ],
        "f1": [
          0.9406864328530044,
          0.8780976727848723,
          0.9000549702606885,
          0.8404954302602586,
          0.8589743539779419,
          0.808872104500527,
          0.9536182160173651,
          0.917253116454179,
          0.9297721692968013,
          0.8682974723402617
        ],
        "accuracy": 0.8894111111111112,
        "macro_precision": 0.8910151784550985,
        "macro_recall": 0.8894111111101228,
        "macro_f1": 0.88961219387459
      },
      "test": {
        "precision": [
          0.941432396250623,
          0.8790023592844859,
          0.8845407503224616,
          0.8738357324290869,
          0.8942307692297076,
          0.7620464009510588,
          0.9508542267573209,
          0.9389056341282878,
          0.9196654561451307,
          0.8493853554239984
        ],
        "recall": [
          0.9376666666656247,
          0.8693333333323673,
          0.9116666666656537,
          0.8026666666657748,
          0.8369999999990699,
          0.8539999999990511,
          0.9523333333322751,
          0.899888888887889,
          0.9285555555545237,
          0.8828888888879078
        ],