{
  "config": {
    "model": "resnet18",
    "lr": 4.3178586365738596e-05,
    "weight_decay": 2.5129077755095298e-06,
    "dropout": 0.3,
    "batch_size": 64,
    "augmentation": false,
    "mix_type": "cutmix"
  },
  "runs": [
    {
      "logs": {
        "train_loss": [
          1.6600730271233453,
          1.4891094644758436,
          1.4356772210227118,
          1.3826109668519762,
          1.3758055839962429,
          1.3303173121558296,
          1.3094152698092991,
          1.2830305134879219,
          1.2681628267394172,
          1.250075649854872,
          1.2284213216251798,
          1.2268920706642998,
          1.210477725897895,
          1.1834705270555284
        ],
        "val_loss": [
          0.9141084607654147,
          0.8679152751498752,
          0.8482364172405666,
          0.8227420930014716,
          0.8176156873491075,
          0.813533535194397,
          0.8039304535865783,
          0.8050993223932055,
          0.7918743872854445,
          0.79195801486969,
          0.7948053784264458,
          0.8028816060596042,
          0.8082672518200344,
          0.7943834368387858
        ],
        "val_acc": [
          0.8355222222222223,
          0.8545222222222222,
          0.8691666666666666,
          0.8735111111111111,
          0.8776888888888889,
          0.8797444444444444,
          0.8826777777777778,
          0.8828222222222222,
          0.8856888888888889,
          0.8884333333333333,
          0.8857,
          0.8858,
          0.8845444444444445,
          0.8861
        ]
      },
      "val": {
        "precision": [
          0.9107466183822444,
          0.8830721351551816,
          0.8877461706773656,
          0.8145323588594274,
          0.8602792163917357,
          0.8245178085423919,
          0.9544844553780423,
          0.9014746040405226,
          0.9315160317272577,
          0.8869625520100705
        ],
        "recall": [
          0.9501111111100553,
          0.8827777777767968,
          0.9015555555545538,
          0.854444444443495,
          0.8489999999990566,
          0.7742222222213619,
          0.9483333333322795,
          0.9169999999989811,
          0.926444444443415,
          0.8526666666657192
        ],
        "f1": [
          0.9300125024785222,
          0.8829249269321189,
          0.8945975694204801,
          0.8340111657627596,
          0.8546023884675539,
          0.798578873005294,
          0.9513989471782359,
          0.909171022264579,
          0.9289733112487933,
          0.8694765415679193
        ],
        "accuracy": 0.8856555555555555,
        "macro_precision": 0.8855331951164238,
        "macro_recall": 0.8856555555545714,
        "macro_f1": 0.8853747248326256
      },
      "test": {
        "precision": [
          0.912445344992095,
          0.8771209936776343,
          0.8904199475055878,
          0.8091571279908333,
          0.8580931263848579,
          0.8280019097626784,
          0.9580364212182354,
          0.9086788280808085,
          0.9333333333322857,
          0.8851928851918627
        ],
        "recall": [
          0.9506666666656103,
          0.8787777777768013,
          0.9046666666656614,
          0.8639999999990399,
          0.8599999999990444,
          0.7707777777769212,
          0.9411111111100654,
          0.9132222222212074,
          0.9239999999989732,
          0.8515555555546093
        ],
        "f1": [
          0.9311639499447706,
          0.8779485990951613,
          0.8974867674860981,
          0.8356797370786276,
          0.8590454999935033,
          0.7983657448040825,
          0.9494983415045735,
          0.9109448550710636,
          0.9286432110794912,
          0.86804847161206
        ],
        "accuracy": 0.8858777777777778,
        "macro_precision": 0.8860479918136879,
        "macro_recall": 0.8858777777767933,
        "macro_f1": 0.8856825177669432
      }
    },
    {
      "logs": {
        "train_loss": [
          1.6512816107855903,
          1.497897343360053,
          1.4408626570595635,
          1.3955524273554485,
          1.3664332019170125,
          1.3378482018576727,
          1.297939990234375,
          1.292586639912923,
          1.2711309368981256,
          1.2549103561825223,
          1.2377275735643174,
          1.214341038386027,
          1.2126060062832302,
          1.1957093205134073,
          1.1820270772510104,
          1.1681734162012736,
          1.1620450812021892,
          1.156130656221178
        ],
        "val_loss": [
          0.9203172794765896,
          0.861045312584771,
          0.8432510861502753,
          0.8321328848520915,
          0.8175461561097039,
          0.8043050410164727,
          0.8050559372795952,
          0.8012941492822435,
          0.7933112320476108,
          0.8009206803215875,
          0.8000224719365437,
          0.795302150577969,
          0.7902103400124444,
          0.7969521337933011,
          0.8004735139634874,
          0.7953506649441189,
          0.8007502575132582,
          0.8037606235928005
        ],
        "val_acc": [
          0.8297111111111111,
          0.8574,
          0.8668777777777777,
          0.8697888888888888,
          0.8783333333333333,
          0.8819444444444444,
          0.8806333333333334,
          0.8851222222222223,
          0.8853555555555556,
          0.885,
          0.8843222222222222,
          0.8870555555555556,
          0.8871111111111111,
          0.8863888888888889,
          0.8865888888888889,
          0.8863888888888889,
          0.8849888888888889,
          0.8833777777777778
        ]
      },
      "val": {
        "precision": [
          0.938227791947501,
          0.8965155576262713,
          0.8875914001954734,
          0.8166082616535875,
          0.8734337280137102,
          0.8240891158031746,
          0.9556103575821593,
          0.9114936146575108,
          0.9223194748348771,
          0.8490306176492752
        ],
        "recall": [
          0.9399999999989554,
          0.854777777776828,
          0.9036666666656625,
          0.854444444443495,
          0.8442222222212841,
          0.7891111111102342,
          0.9472222222211697,
          0.9119999999989866,
          0.9366666666656258,
          0.8904444444434549
        ],
        "f1": [
          0.9391130548868456,
          0.8751493039148756,
          0.8955568963923582,
          0.8350980022775428,
          0.8585795757677509,
          0.8062209054339475,
          0.9513977964610073,
          0.9117467320164828,
          0.9294377017247416,
          0.8692445310396373
        ],
        "accuracy": 0.8872555555555556,
        "macro_precision": 0.887491991996354,
        "macro_recall": 0.8872555555545695,
        "macro_f1": 0.887154449991519
      },
      "test": {
        "precision": [
          0.9362647124129065,
          0.8950646298461867,
          0.8846487424101424,
          0.8080734327727046,
          0.8746849942716212,
          0.8299694907289016,
          0.9623717217776939,
          0.9139713237735756,
          0.9183851609373503,
          0.8440299293910379
        ],
        "recall": [
          0.9368888888878478,
          0.8463333333323929,
          0.9066666666656592,
          0.8607777777768213,
          0.8484444444435016,
          0.7858888888880156,
          0.9377777777767358,
          0.9136666666656514,
          0.935222222221183,
          0.8898888888879001
        ],
        "f1": [
          0.9365766916556303,
          0.8700171280697407,
          0.8955223830594741,
          0.8335933667155011,
          0.861364913217898,
          0.8073279256043289,
          0.949915583069549,
          0.9138189648272893,
          0.926727217680372,
          0.8663529616313667
        ],
        "accuracy": 0.8861555555555556,
        "macro_precision": 0.886746413832212,
        "macro_recall": 0.8861555555545708,