{
  "config": {
    "model": "resnet18",
    "lr": 4.3178586365738596e-05,
    "weight_decay": 2.5129077755095298e-06,
    "dropout": 0.3,
    "batch_size": 64,
    "augmentation": false,
    "mix_type": "mixup"
  },
  "runs": [
    {
      "logs": {
        "train_loss": [
          1.624763407474094,
          1.4617738380008274,
          1.420488813273112,
          1.3706871758566963,
          1.3455676110161676,
          1.3455779152976142,
          1.3220064881006877,
          1.2916970021353829,
          1.2790237197875975,
          1.2785828582763672,
          1.2624776748021445
        ],
        "val_loss": [
          0.9602540336290996,
          0.9196491239335802,
          0.890675251197815,
          0.8927479109870063,
          0.8518087267133925,
          0.8504190532896254,
          0.868189319896698,
          0.855292259618971,
          0.8566794893158807,
          0.8530205077065361,
          0.8563512516657511
        ],
        "val_acc": [
          0.8287555555555556,
          0.8452333333333333,
          0.8589222222222223,
          0.8591555555555556,
          0.8757333333333334,
          0.8754222222222222,
          0.8760888888888889,
          0.8776777777777778,
          0.8792777777777778,
          0.8767222222222222,
          0.8795666666666667
        ]
      },
      "val": {
        "precision": [
          0.9260489316938713,
          0.9082313007626278,
          0.8884924174833981,
          0.7940964722814007,
          0.8914015904561489,
          0.8033054003715044,
          0.9214827475687196,
          0.897605649342494,
          0.8812785388118708,
          0.8489332046736904
        ],
        "recall": [
          0.9294444444434117,
          0.8324444444435194,
          0.8853333333323495,
          0.8578888888879356,
          0.7971111111102254,
          0.7668888888880367,
          0.9584444444433794,
          0.9038888888878844,
          0.9435555555545071,
          0.8797777777768002
        ],
        "f1": [
          0.9277435762112098,
          0.868688034894841,
          0.8869100573320651,
          0.8247609841642952,
          0.8416236458827415,
          0.7846748472073454,
          0.9396002346392733,
          0.9007363067966607,
          0.9113543628949506,
          0.8640803136561843
        ],
        "accuracy": 0.8754777777777778,
        "macro_precision": 0.8760876253445726,
        "macro_recall": 0.875477777776805,
        "macro_f1": 0.8750172363679567
      },
      "test": {
        "precision": [
          0.9248452696718337,
          0.8986884851390943,
          0.8877243839883067,
          0.785187430533712,
          0.8890119355224695,
          0.8100865902166977,
          0.9265924956359874,
          0.9001770694987824,
          0.8775595052480224,
          0.8446696130205403
        ],
        "recall": [
          0.9297777777767446,
          0.8298888888879667,
          0.8846666666656836,
          0.863444444443485,
          0.8027777777768857,
          0.7692222222213675,
          0.9438888888878401,
          0.9037777777767735,
          0.9381111111100687,
          0.8706666666656991
        ],
        "f1": [
          0.9273049595380148,
          0.862919525941012,
          0.8861928827501555,
          0.8224585863211856,
          0.8436970814836586,
          0.7891257216637954,
          0.9351607171482311,
          0.9019738251165624,
          0.906825621984878,
          0.8574711335896942
        ],
        "accuracy": 0.8736222222222222,
        "macro_precision": 0.8744542778475447,
        "macro_recall": 0.8736222222212515,
        "macro_f1": 0.8733130055537186
      }
    },
    {
      "logs": {
        "train_loss": [
          1.619434382247925,
          1.4686645245869954,
          1.4050741588380602,
          1.3915802904340957,
          1.364916540696886,
          1.3290684834162394,
          1.3247366428799099,
          1.292656846470303,
          1.2699930285029941,
          1.27634689195421,
          1.2614606990390353,
          1.2430292005115084,
          1.2318482940355937
        ],
        "val_loss": [
          0.9930589340421888,
          0.8920942674424913,
          0.8939473800341289,
          0.9034195203569201,
          0.857958485730489,
          0.8722835849761963,
          0.83828806415134,
          0.8303144796795315,
          0.8412780891842312,
          0.8682465150409274,
          0.8577363498687745,
          0.8429859774059719,
          0.8461708047019111
        ],
        "val_acc": [
          0.8189444444444445,
          0.8547666666666667,
          0.8614777777777778,
          0.8604222222222222,
          0.8719444444444444,
          0.8747666666666667,
          0.8785222222222222,
          0.8813444444444445,
          0.8764555555555555,
          0.8768333333333334,
          0.8775666666666667,
          0.8814333333333333,
          0.8810333333333333
        ]
      },
      "val": {
        "precision": [
          0.9376742111707684,
          0.8523824684274091,
          0.8827496193159856,
          0.8588332741677212,
          0.8402625820559734,
          0.8007518796983627,
          0.9362258802998623,
          0.9236103085624365,
          0.9291685494792936,
          0.8549609932965003
        ],
        "recall": [
          0.9344444444434061,
          0.8924444444434527,
          0.9017777777767757,
          0.8064444444435483,
          0.8533333333323851,
          0.8046666666657725,
          0.9542222222211619,
          0.8879999999990132,
          0.9138888888878733,
          0.8645555555545948
        ],
        "f1": [
          0.9360565368209999,
          0.8719535313421333,
          0.8921622462912223,
          0.8318147907177079,
          0.8467475142937413,
          0.8027044951099802,
          0.9451383871195913,
          0.9054551584292185,
          0.9214653770293358,
          0.8597315015458052
        ],
        "accuracy": 0.8813777777777778,
        "macro_precision": 0.8816619766474314,
        "macro_recall": 0.8813777777767984,
        "macro_f1": 0.8813229538699735
      },
      "test": {
        "precision": [
          0.9343732590518836,
          0.8501385632052332,
          0.879485516644099,
          0.8517911496126763,
          0.8432017543850403,
          0.796335136327634,
          0.9408388520960917,
          0.9217902872292977,
          0.9317767653747929,
          0.8496888985909292
        ],
        "recall": [
          0.9317777777767424,
          0.8862222222212375,
          0.9041111111101064,
          0.8084444444435461,
          0.854444444443495,
          0.8015555555546648,
          0.9471111111100586,
          0.8878888888879023,
          0.90899999999899,
          0.8648888888879278
        ],
        "f1": [
          0.9330737084899311,
          0.8678054568660829,
          0.8916283097052139,
          0.829551927507308,
          0.8487858669639624,
          0.7989368132061567,
          0.9439645575682236,
          0.9045220392590364,
          0.920247464066097,
          0.8572215136382904
        ],
        "accuracy": 0.8795444444444445,
        "macro_precision": 0.8799420182517679,
        "macro_recall": 0.879544444443467,
        "macro_f1": 0.8795737657270303
      }
    },
    {
      "logs": {
        "train_loss": [
          1.6303229747348362,
          1.4823569310718112,
          1.427920622338189,
          1.3827469025082058,
          1.3731863217671711,
          1.3433120397991605,
          1.3288356488545736,
          1.2923549788157145,
          1.2850054065492418,
          1.2581958554055956,
          1.2639151487986247,
          1.2573013332366942,
          1.2427028118133545,
          1.2424246939871046
        ],