{
  "config": {
    "model": "resnet18",
    "lr": 4.3178586365738596e-05,
    "weight_decay": 2.5129077755095298e-06,
    "dropout": 0.3,
    "batch_size": 64,
    "augmentation": true,
    "mix_type": "cutmix"
  },
  "runs": [
    {
      "logs": {
        "train_loss": [
          1.720537309604221,
          1.5515131586286757,
          1.5033895094129774,
          1.4572665326860217,
          1.4555521003723144,
          1.416749872080485,
          1.4013750667995877,
          1.3819497843848334,
          1.371384386613634,
          1.357966316011217,
          1.3401737354490493,
          1.340527812046475,
          1.32707848616706,
          1.304878332901001,
          1.310188435067071,
          1.286100730641683,
          1.2902153653462727,
          1.2892497228622437,
          1.276363521469964,
          1.2650043070899115,
          1.2513240523868137,
          1.2355552888446384,
          1.2530021377987333,
          1.230131208313836,
          1.2404256882985434,
          1.2391634598414103,
          1.228796604537964,
          1.2246494234720866,
          1.2162636439217462,
          1.2107302743699815,
          1.2166415192286173,
          1.2061103971905178,
          1.201756367725796,
          1.198357036421034,
          1.1971185718218484,
          1.1855004865010579
        ],
        "val_loss": [
          0.9424295677608914,
          0.8867196985880534,
          0.8675731463432312,
          0.8462985130945841,
          0.8313624478552076,
          0.8197548793898688,
          0.8127034646352133,
          0.805468083805508,
          0.7912247292200725,
          0.7912887211481731,
          0.7765660473717584,
          0.7883719079017639,
          0.7817862482706706,
          0.7707857218212552,
          0.7707919701258341,
          0.762776610745324,
          0.7716407371520996,
          0.7646952668084038,
          0.7642047857920329,
          0.759899518500434,
          0.7633225296020508,
          0.7603467912885877,
          0.7628023577690124,
          0.7620560913933648,
          0.759425866678026,
          0.7718010460535685,
          0.7624861771477593,
          0.7633161683082581,
          0.759092331038581,
          0.760229729186164,
          0.7527561777538724,
          0.7593843698395623,
          0.7601296482721964,
          0.7640067616780599,
          0.7586819610383776,
          0.7632402677747938
        ],
        "val_acc": [
          0.8238,
          0.8445888888888888,
          0.8554,
          0.8621333333333333,
          0.8682444444444445,
          0.8745,
          0.8771555555555556,
          0.8810222222222223,
          0.8840777777777777,
          0.8842222222222222,
          0.8885666666666666,
          0.888,
          0.8896333333333334,
          0.8925333333333333,
          0.8936666666666667,
          0.8941666666666667,
          0.8948,
          0.8924444444444445,
          0.8950333333333333,
          0.8978777777777778,
          0.8960444444444444,
          0.8972444444444444,
          0.8957111111111111,
          0.8971555555555556,
          0.8976777777777778,
          0.8933666666666666,
          0.8977888888888889,
          0.8973666666666666,
          0.8982333333333333,
          0.8956444444444445,
          0.8992111111111111,
          0.8980555555555556,
          0.899,
          0.8968666666666667,
          0.8986,
          0.8989888888888888
        ]
      },
      "val": {
        "precision": [
          0.9441199162339422,
          0.8786070731168597,
          0.9245002855500576,
          0.8770123106050224,
          0.8742863539674529,
          0.8034413596529045,
          0.9425686678960562,
          0.9380268853942377,
          0.9272013949423199,
          0.8852825965295071
        ],
        "recall": [
          0.9517777777767201,
          0.899888888887889,
          0.899333333332334,
          0.8232222222213075,
          0.8677777777768135,
          0.845666666665727,
          0.9646666666655948,
          0.9148888888878722,
          0.9453333333322829,
          0.8788888888879123
        ],
        "f1": [
          0.9479333762860351,
          0.8891206449064256,
          0.911743165937689,
          0.849266386567534,
          0.8710199024323221,
          0.8240134200010326,
          0.9534896441127975,
          0.926313416081974,
          0.9361795724642274,
          0.8820741516759709
        ],
        "accuracy": 0.8991444444444444,
        "macro_precision": 0.899504684388836,
        "macro_recall": 0.8991444444434453,
        "macro_f1": 0.8991153680466007
      },
      "test": {
        "precision": [
          0.9438612001315682,
          0.8760438130345124,
          0.9195740824638428,
          0.8771518913211416,
          0.8799277081205467,
          0.806506304968945,
          0.9474718794354619,
          0.9398385079029457,
          0.920803910916979,
          0.8816999327193521
        ],
        "recall": [
          0.9489999999989455,
          0.8975555555545582,
          0.9019999999989977,
          0.8322222222212975,
          0.8655555555545937,
          0.845666666665727,
          0.9639999999989288,
          0.9182222222212019,
          0.9417777777767313,
          0.8736666666656958
        ],
        "f1": [
          0.946423619576527,
          0.886669222813823,
          0.9107022610977161,
          0.8540965797564573,
          0.8726824573306221,
          0.8256223847616356,
          0.9556644770172756,
          0.9289046204141215,
          0.9311727497373204,
          0.8776649129587188
        ],
        "accuracy": 0.8989666666666667,
        "macro_precision": 0.8992879231015294,
        "macro_recall": 0.8989666666656676,
        "macro_f1": 0.8989603285464218
      }
    },
    {
      "logs": {
        "train_loss": [
          1.7133793477376302,
          1.559520150290595,
          1.5089651444329155,
          1.4701776917351617,
          1.4467721735424466,
          1.4251563936869303,
          1.3918409931818645,
          1.3901624582502576,
          1.3737996103074817,
          1.361237795469496,
          1.3463692956712512,
          1.3281709024005466,
          1.328960415564643,
          1.3156941437615288,
          1.3030106993781196,
          1.2895852141486275,
          1.287072242058648,
          1.2813914707395766
        ],
        "val_loss": [
          0.9396651389016045,
          0.879031568145752,
          0.8607037544356452,
          0.856191061507331,
          0.8316240104675293,
          0.8131527737087674,
          0.8051183007558187,
          0.8028659333335029,
          0.7920761075867547,
          0.7968614327748617,
          0.7832725963168674,
          0.7773995352215237,
          0.7677872083557976,
          0.7737804001702203,
          0.7701168837865193,
          0.7702520999908448,
          0.7685367753770617,
          0.770144074874454
        ],
        "val_acc": [
          0.8185666666666667,
          0.8474666666666667,
          0.8586222222222222,
          0.8567,
          0.8711111111111111,
          0.8749111111111111,
          0.8771222222222222,
          0.8819222222222223,
          0.8843888888888889,
          0.8830444444444444,
          0.8866555555555555,
          0.8899,
          0.892,
          0.8904222222222222,
          0.8925666666666666,
          0.8923111111111112,
          0.8932555555555556,
          0.8911888888888889
        ]
      },
      "val": {
        "precision": [
          0.9406968952412991,
          0.8904218025546867,
          0.8937908496722289,
          0.8178192884869159,
          0.8937655270307656,
          0.8369148565445035,
          0.9460384021176935,
          0.9118718939802187,
          0.9164143598606007,
          0.8741590382696877
        ],