{
  "config": {
    "model": "cnn",
    "lr": 0.00046082521043368826,
    "weight_decay": 3.600654215799517e-05,
    "dropout": 0.3,
    "batch_size": 64,
    "augmentation": true,
    "mix_type": "both"
  },
  "runs": [
    {
      "logs": {
        "train_loss": [
          2.0709578570895726,
          1.9593267835828994,
          1.9063929632398817,
          1.8797361765119764,
          1.8501449775060017,
          1.832452951833937,
          1.8092758038838705,
          1.7927127600775825,
          1.782536933347914,
          1.7664803152720134,
          1.7612319036695692,
          1.7381255148145887,
          1.73091099864112,
          1.7158062023586698,
          1.7186543941921657,
          1.704729363822937,
          1.7019455829196506,
          1.695581212149726,
          1.6821868870841132,
          1.6846557797749837,
          1.683873546218872,
          1.6733621708552042,
          1.6649363981035021,
          1.6554743685828315,
          1.6535611229366727,
          1.6568502058241101,
          1.6555634800381132,
          1.6444502978006998,
          1.6442709308200412,
          1.6343684261110094,
          1.6323079387029011,
          1.6335809932496812,
          1.6195220565795898,
          1.6184518539004855,
          1.606852363840739,
          1.6145479869630601,
          1.602233039940728,
          1.6114638120969136,
          1.605295625813802,
          1.6061451337178547,
          1.6022935064951578,
          1.597572804514567
        ],
        "val_loss": [
          1.661977529419793,
          1.5342774731530084,
          1.4775067414601644,
          1.3781169524298773,
          1.3624826255586413,
          1.3169470108032226,
          1.2989089578416613,
          1.2502613335503472,
          1.2259347474416098,
          1.2074868102179632,
          1.1828672873391046,
          1.1861660559972127,
          1.1627106520970663,
          1.1820595987319946,
          1.1548834015528362,
          1.113603593413035,
          1.152606559838189,
          1.1300083697424994,
          1.1259603635682,
          1.1034112602233888,
          1.090090622361501,
          1.1056891042921277,
          1.1050922614627414,
          1.0707422923829821,
          1.0806824593014188,
          1.0719905748155383,
          1.064384824456109,
          1.034298415904575,
          1.061542361439599,
          1.0571832396613228,
          1.0319828579160901,
          1.046434693951077,
          1.0479760885238647,
          1.02208082236184,
          1.052392848777771,
          1.0189892034742567,
          1.0049541890568203,
          1.0392705637507968,
          1.0293381102879842,
          1.0081558976279366,
          1.0302752372317845,
          1.0238430116441515
        ],
        "val_acc": [
          0.4611222222222222,
          0.5366111111111111,
          0.5603111111111111,
          0.6066333333333334,
          0.6216555555555555,
          0.6408111111111111,
          0.6525444444444445,
          0.6666777777777778,
          0.6811444444444444,
          0.6945222222222223,
          0.7024777777777778,
          0.7085222222222223,
          0.7167444444444444,
          0.7116777777777777,
          0.7240333333333333,
          0.7351888888888889,
          0.7311777777777778,
          0.7381555555555556,
          0.7439222222222223,
          0.7467777777777778,
          0.7528777777777778,
          0.7523,
          0.7541111111111111,
          0.7565555555555555,
          0.7641555555555556,
          0.7634555555555556,
          0.7635666666666666,
          0.7716666666666666,
          0.7730333333333334,
          0.7755333333333333,
          0.7731111111111111,
          0.7751111111111111,
          0.7732555555555556,
          0.7792888888888889,
          0.7807555555555555,
          0.7817888888888889,
          0.7848,
          0.7862555555555556,
          0.7865444444444445,
          0.7902333333333333,
          0.7914333333333333,
          0.7911777777777778
        ]
      },
      "val": {
        "precision": [
          0.8492854049362827,
          0.8409635803164276,
          0.7462432057969239,
          0.7391653290519808,
          0.7806926854474274,
          0.633630409104871,
          0.814938346471786,
          0.8006457660652008,
          0.8257935252548498,
          0.807721838323124
        ],
        "recall": [
          0.8715555555545871,
          0.818444444443535,
          0.7779999999991355,
          0.6139999999993178,
          0.6712222222214763,
          0.6556666666659381,
          0.8958888888878934,
          0.854111111110162,
          0.8701111111101443,
          0.818222222221313
        ],
        "f1": [
          0.8602763713982269,
          0.8295512084692135,
          0.7617907799657108,
          0.6707938770521621,
          0.7218305602085865,
          0.6444602145169476,
          0.8534984601314933,
          0.8265146985148949,
          0.8473732569188531,
          0.8129381194128453
        ],
        "accuracy": 0.7847222222222222,
        "macro_precision": 0.7839080090768874,
        "macro_recall": 0.7847222222213502,
        "macro_f1": 0.7829027546588934
      },
      "test": {
        "precision": [
          0.8418895599645794,
          0.8370497427091628,
          0.7454840454291557,
          0.7432522270964722,
          0.7821833161678912,
          0.6329154612657956,
          0.8140999593652842,
          0.8001461072836566,
          0.8194634402937195,
          0.8043549265097394
        ],
        "recall": [
          0.8673333333323695,
          0.8133333333324295,
          0.7657777777769268,
          0.6211111111104209,
          0.6751111111103609,
          0.656333333332604,
          0.8904444444434549,
          0.8518888888879422,
          0.8654444444434828,
          0.8208888888879767
        ],
        "f1": [
          0.8544220615500852,
          0.8250211277135431,
          0.7554946510702296,
          0.6767144796346156,
          0.7247137354841426,
          0.6444117115776117,
          0.8505625082759497,
          0.8252071847575415,
          0.8418265283721734,
          0.8125378008835942
        ],
        "accuracy": 0.7827666666666667,
        "macro_precision": 0.7820838786085457,
        "macro_recall": 0.7827666666657969,
        "macro_f1": 0.7810911789319486
      }
    },
    {
      "logs": {
        "train_loss": [
          2.0788642563290067,
          1.9663266984303793,
          1.9196985563066271,
          1.8834965799331664,
          1.8611965859307182,
          1.832101570256551,
          1.8150016152275934,
          1.790370204586453,
          1.7811226355234782,
          1.7643884173499214,
          1.7550072979397244,
          1.7383816669464112,
          1.7303094203101264,
          1.7187162431504992,
          1.7206298519558376,
          1.7042347546259562,
          1.7104975820329453,
          1.697659281285604,
          1.6921350813759697,
          1.684020054329766,
          1.6717303092532687,
          1.673690072631836,
          1.6624210958692762,
          1.6579213488260904,
          1.6592893101586237,
          1.6303675929175483,
          1.6455734662585788,
          1.6517074114057753,
          1.64308877881368,
          1.6310898660024007,
          1.6384860998577542,
          1.62847888829973
        ],