{
  "config": {
    "model": "resnet18",
    "lr": 4.3178586365738596e-05,
    "weight_decay": 2.5129077755095298e-06,
    "dropout": 0.3,
    "batch_size": 64,
    "augmentation": true,
    "mix_type": "mixup"
  },
  "runs": [
    {
      "logs": {
        "train_loss": [
          1.6827285794787936,
          1.5307978097915649,
          1.4989235110812718,
          1.451909625032213,
          1.43057610367669,
          1.436100207010905,
          1.4168414888170031,
          1.3915277108298407,
          1.3785373534732395,
          1.3801803346421984,
          1.3663569940778943,
          1.3706328080495198,
          1.347644383515252,
          1.3396399809307522,
          1.32572606877221,
          1.3324539107428657,
          1.3246256897396511,
          1.3103800333023072,
          1.3032723952399359,
          1.3027408207787408,
          1.295766490258111,
          1.2878211793263754
        ],
        "val_loss": [
          0.9583718530019124,
          0.9277608237372504,
          0.9001242079628838,
          0.9096001932356093,
          0.8601483940124511,
          0.8602305362701416,
          0.8736266524950663,
          0.8504884475919935,
          0.8642602270656162,
          0.8490530358420478,
          0.852587991672092,
          0.8269588751686944,
          0.8422884071456062,
          0.8337082739512126,
          0.8320564822302924,
          0.8227388419045343,
          0.8027621332910326,
          0.8171048119015164,
          0.8265862383736504,
          0.8206447143448724,
          0.8432256544537015,
          0.8534364485422771
        ],
        "val_acc": [
          0.8227666666666666,
          0.8440555555555556,
          0.8566777777777778,
          0.8576555555555555,
          0.8714222222222222,
          0.8740666666666667,
          0.8747777777777778,
          0.8781555555555556,
          0.8791444444444444,
          0.8820222222222223,
          0.8822555555555556,
          0.8852888888888889,
          0.8858888888888888,
          0.8874222222222222,
          0.8850555555555556,
          0.8885222222222222,
          0.8908444444444444,
          0.8881444444444444,
          0.8906,
          0.8915888888888889,
          0.8885666666666666,
          0.8883111111111112
        ]
      },
      "val": {
        "precision": [
          0.9313811188801011,
          0.8984196060456957,
          0.9095460234373539,
          0.8391160220985202,
          0.8468198824149151,
          0.8263321440892779,
          0.9493614658512499,
          0.9314141529981288,
          0.9171216422789723,
          0.8612982568700017
        ],
        "recall": [
          0.9471111111100586,
          0.871666666665698,
          0.8882222222212353,
          0.8437777777768402,
          0.8802222222212441,
          0.7977777777768913,
          0.9498888888878334,
          0.9023333333323307,
          0.9332222222211852,
          0.8948888888878945
        ],
        "f1": [
          0.9391802506185312,
          0.8848409604862709,
          0.8987576542273056,
          0.8414404382124024,
          0.8631980336824879,
          0.8118039409557409,
          0.949625099136685,
          0.9166431464196031,
          0.9251018784667018,
          0.877772323484334
        ],
        "accuracy": 0.8909111111111111,
        "macro_precision": 0.8910810314964218,
        "macro_recall": 0.8909111111101211,
        "macro_f1": 0.8908363725690064
      },
      "test": {
        "precision": [
          0.9265091863506927,
          0.8924485125847912,
          0.9080982711545631,
          0.8318265984088532,
          0.848952709996924,
          0.8198352779674903,
          0.9509825815085405,
          0.9326294043372745,
          0.9186492709122698,
          0.8570970157226899
        ],
        "recall": [
          0.9413333333322873,
          0.8666666666657036,
          0.8871111111101253,
          0.8485555555546126,
          0.8736666666656958,
          0.7963333333324485,
          0.9463333333322818,
          0.9028888888878855,
          0.9309999999989654,
          0.890333333332344
        ],
        "f1": [
          0.9338624288617193,
          0.8793686533991806,
          0.8974820093881637,
          0.8401077998507896,
          0.8611324010892328,
          0.8079134207695075,
          0.9486522560816198,
          0.9175182019669113,
          0.9247833954737897,
          0.8733990903194029
        ],
        "accuracy": 0.8884222222222222,
        "macro_precision": 0.8887028828944089,
        "macro_recall": 0.8884222222212349,
        "macro_f1": 0.8884219657200317
      }
    },
    {
      "logs": {
        "train_loss": [
          1.6775720582326252,
          1.5396040463129679,
          1.4806894065009224,
          1.4722557262420655,
          1.4500935150994194,
          1.4183925632476806,
          1.4181811332278782,
          1.3896114464441935,
          1.3721186066309612,
          1.377916478729248,
          1.3649917685614692,
          1.3479153884039985,
          1.337090180015564,
          1.3323095355987549,
          1.3327190963109334,
          1.3367839081870185,
          1.3126240536265903,
          1.3305552120632596,
          1.3105682977782356,
          1.2919263770103455,
          1.2891919958750406,
          1.2925803241093954
        ],
        "val_loss": [
          0.9790920764923096,
          0.9163399037255181,
          0.9111663730197482,
          0.9184721707979838,
          0.8717969653659396,
          0.8759276533550686,
          0.8543019423484802,
          0.8359718510945638,
          0.8427038000106811,
          0.8520282325744629,
          0.8483669930140177,
          0.8303980758137173,
          0.8370044496536255,
          0.8197178842014736,
          0.8215515129725138,
          0.8245125052134196,
          0.8056560903443231,
          0.8480154496298896,
          0.8072425454669528,
          0.8384129680421617,
          0.8087347665786743,
          0.8492732652452257
        ],
        "val_acc": [
          0.8142222222222222,
          0.8444333333333334,
          0.8545777777777778,
          0.8561,
          0.8670333333333333,
          0.8743,
          0.8772,
          0.8788222222222222,
          0.8821111111111111,
          0.8783111111111112,
          0.8826555555555555,
          0.8863666666666666,
          0.8857333333333334,
          0.8854111111111111,
          0.8868888888888888,
          0.8849111111111111,
          0.8879444444444444,
          0.8853333333333333,
          0.8913444444444445,
          0.8874555555555556,
          0.8902888888888889,
          0.8895444444444445
        ]
      },
      "val": {
        "precision": [
          0.9106652587107595,
          0.8926060331130725,
          0.8949403446742211,
          0.8411824210398547,
          0.8891669646038741,
          0.7881783761035042,
          0.9741096532322233,
          0.9064282580069037,
          0.9399748944414698,
          0.8523653296636127
        ],
        "recall": [
          0.9582222222211575,
          0.8745555555545838,
          0.9001111111101109,
          0.8315555555546316,
          0.8289999999990788,
          0.8326666666657414,
          0.9238888888878622,
          0.9181111111100909,
          0.9152222222212052,
          0.8948888888878945
        ],
        "f1": [
          0.9338386522843056,
          0.8834886020261324,
          0.8975182755219808,
          0.836341281248323,
          0.8580300105304163,
          0.8098119682036697,
          0.9483348490170175,
          0.912232275855899,
          0.9274334240377335,
          0.8731096486417788
        ],
        "accuracy": 0.8878222222222222,
        "macro_precision": 0.8889617533589496,
        "macro_recall": 0.8878222222212356,
        "macro_f1": 0.8880138987367255
      },