{
  "config": {
    "model": "cnn",
    "lr": 0.00046082521043368826,
    "weight_decay": 3.600654215799517e-05,
    "dropout": 0.3,
    "batch_size": 64,
    "augmentation": false,
    "mix_type": null
  },
  "runs": [
    {
      "logs": {
        "train_loss": [
          1.6568790466520522,
          1.4303169301986693,
          1.3338688404083252,
          1.2614014458974203,
          1.2055695496877035,
          1.157442701742384,
          1.1115920702616373,
          1.0727115796407063,
          1.037519486808777,
          1.0002690775871277,
          0.9706831924438477,
          0.9392154045316908,
          0.9122833430290223,
          0.8825133138974508,
          0.8561212704234653,
          0.8300537554634942,
          0.8059119060516358,
          0.7836164071612888,
          0.7625513232549032
        ],
        "val_loss": [
          1.4466779980129665,
          1.3092515066570707,
          1.2591097789340548,
          1.1920140564812554,
          1.1476345886442396,
          1.149404661708408,
          1.0946145335939195,
          1.0752870592223274,
          1.0963574923409356,
          1.0716816326565213,
          1.0544740687582228,
          1.0493090967708163,
          1.050551804775662,
          1.0433084358851115,
          1.0585654873424106,
          1.0558002281824748,
          1.0799006510628595,
          1.06532609823015,
          1.0847652934816148
        ],
        "val_acc": [
          0.5611666666666667,
          0.6313222222222222,
          0.6535111111111112,
          0.6912666666666667,
          0.7087222222222223,
          0.7084888888888888,
          0.7352888888888889,
          0.7419222222222223,
          0.7378666666666667,
          0.7494555555555555,
          0.7578555555555555,
          0.762,
          0.7628777777777778,
          0.7652555555555556,
          0.7654444444444445,
          0.7665444444444445,
          0.7611111111111111,
          0.7656333333333334,
          0.7675777777777778
        ]
      },
      "val": {
        "precision": [
          0.8951204447178566,
          0.8354504822384904,
          0.745398773005288,
          0.6810667310236743,
          0.6485851273849312,
          0.6466738069729302,
          0.8641696750892777,
          0.7982911529301338,
          0.7665373423852895,
          0.7961373390548947
        ],
        "recall": [
          0.8051111111102165,
          0.7892222222213452,
          0.72899999999919,
          0.6271111111104143,
          0.7665555555547038,
          0.6037777777771068,
          0.8511111111101654,
          0.8201111111101999,
          0.8781111111101354,
          0.783222222221352
        ],
        "f1": [
          0.8477332503508394,
          0.8116786602985153,
          0.7371081850907913,
          0.6529762199166413,
          0.7026531497929048,
          0.6244900254596856,
          0.8575906801762218,
          0.8090540342414996,
          0.818539611801035,
          0.7896269693469351
        ],
        "accuracy": 0.7653333333333333,
        "macro_precision": 0.7677430874802766,
        "macro_recall": 0.7653333333324828,
        "macro_f1": 0.7651450786475069
      },
      "test": {
        "precision": [
          0.889876543208778,
          0.824224692801844,
          0.7439387008225709,
          0.6781705278234079,
          0.6458254983070272,
          0.644462947542947,
          0.8607350096702004,
          0.7974997305735558,
          0.7690878873782685,
          0.7909407665496336
        ],
        "recall": [
          0.8008888888879989,
          0.782555555554686,
          0.7227777777769746,
          0.6309999999992988,
          0.7632222222213741,
          0.6019999999993311,
          0.8405555555546216,
          0.8222222222213086,
          0.8741111111101398,
          0.7818888888880201
        ],
        "f1": [
          0.843040930685379,
          0.8028498097644879,
          0.7332055856223965,
          0.653735461795194,
          0.6996333215770797,
          0.6225081813668959,
          0.8505256007111419,
          0.8096722965485037,
          0.818243273401185,
          0.7863887752417856
        ],
        "accuracy": 0.7621222222222223,
        "macro_precision": 0.7644762304678234,
        "macro_recall": 0.7621222222213754,
        "macro_f1": 0.7619803236714049
      }
    },
    {
      "logs": {
        "train_loss": [
          1.6628016892751059,
          1.4388761059655084,
          1.3398054099612766,
          1.2703166337754992,
          1.2119474858601889,
          1.1647303816477457,
          1.1210599687152438,
          1.0810037990993924,
          1.0460795320298937,
          1.012157979329427,
          0.9776251091003418,
          0.9473961443159316,
          0.9167714072651333,
          0.887560291311476,
          0.8592974224514431,
          0.8345635620117188,
          0.8087977444118923,
          0.7871099249733818,
          0.7659955105145773,
          0.7471502234882779,
          0.7317991399341159
        ],
        "val_loss": [
          1.4398336466047499,
          1.3251904134962293,
          1.2608608353508843,
          1.2074188201692369,
          1.1562741311285232,
          1.1256131713231405,
          1.1128272904078165,
          1.0878031800164116,
          1.1050080990261502,
          1.075283036189609,
          1.063364084095425,
          1.0708650282435948,
          1.0600266677220662,
          1.0546270286136203,
          1.0561144515779284,
          1.0496698795742458,
          1.1087324573092991,
          1.0692684691852994,
          1.085218556382921,
          1.079554849825965,
          1.0886270537482368
        ],
        "val_acc": [
          0.5642,
          0.6225333333333334,
          0.6559333333333334,
          0.6822444444444444,
          0.7042888888888889,
          0.7215666666666667,
          0.7244222222222222,
          0.7403555555555555,
          0.7343777777777778,
          0.7464333333333333,
          0.7543444444444445,
          0.7572666666666666,
          0.7577444444444444,
          0.7646444444444445,
          0.7642333333333333,
          0.7664444444444445,
          0.7546222222222222,
          0.7688666666666667,
          0.7630444444444444,
          0.7696777777777778,
          0.7649444444444444
        ]
      },
      "val": {
        "precision": [
          0.8837126600274019,
          0.8023617820710656,
          0.7470342334191085,
          0.6717530163228391,
          0.682292204439151,
          0.6045174108537023,
          0.8106677524421715,
          0.8609578736197832,
          0.8230860342405264,
          0.8010221860833998
        ],
        "recall": [
          0.8283333333324129,
          0.8304444444435216,
          0.7346666666658503,
          0.6309999999992988,
          0.7342222222214063,
          0.6423333333326195,
          0.8848888888879056,
          0.7629999999991521,
          0.8493333333323896,
          0.7662222222213708
        ],
        "f1": [
          0.855127317784705,
          0.816161611162204,
          0.7407988297986893,
          0.6507390806005721,
          0.7073053201330701,
          0.622851904716798,
          0.8461538411625279,
          0.8090245002010285,
          0.836003713488861,
          0.7832358403079531
        ],
        "accuracy": 0.7664444444444445,
        "macro_precision": 0.7687405153519149,
        "macro_recall": 0.7664444444435928,
        "macro_f1": 0.7667401959356408
      },
      "test": {
        "precision": [
          0.8758776627384554,
          0.7946977044931622,
          0.7448354143010841,
          0.6747919840610865,
          0.6906832298129495,
          0.6068510370829595,
          0.8098159509194173,
          0.8610384759047927,
          0.8160250188711139,
          0.7906735751286232
        ],