{
  "config": {
    "model": "resnet18",
    "batch_size": 64,
    "lr": 1.2543337861168013e-05,
    "weight_decay": 0.00014960160057590215,
    "dropout": 0
  },
  "runs": [
    {
      "logs": {
        "train_loss": [
          1.1100655092663234,
          0.8849961573494806,
          0.8270029139200846,
          0.7879191543579102,
          0.7561081483629015,
          0.7308798629866706,
          0.7094485038227505,
          0.688974494934082,
          0.6703600420422025,
          0.6549983045366076,
          0.6397536488850911,
          0.6278760906855265,
          0.6156551156044007
        ],
        "val_loss": [
          0.9086222788704766,
          0.8515904945055643,
          0.8245558680958218,
          0.8079189830356174,
          0.8016802344004313,
          0.7948677027702331,
          0.7910208550983006,
          0.7862901657740275,
          0.7881629889382257,
          0.7883868294821845,
          0.7902934049818251,
          0.7887502681096394,
          0.7911688602235583
        ],
        "val_acc": [
          0.8318444444444445,
          0.8581444444444445,
          0.8704,
          0.8779222222222223,
          0.8799555555555556,
          0.8831666666666667,
          0.8858111111111111,
          0.8879,
          0.8881888888888889,
          0.8887555555555555,
          0.8882444444444444,
          0.8893777777777778,
          0.8891
        ]
      },
      "val": {
        "precision": [
          0.9296823658259258,
          0.8740512594864436,
          0.9163703108857216,
          0.8401243477286109,
          0.8741614619467103,
          0.8173562058517576,
          0.9340019411183715,
          0.8973160925775319,
          0.9215298384427721,
          0.8719012899597622
        ],
        "recall": [
          0.9431111111100631,
          0.8828888888879078,
          0.8875555555545693,
          0.8407777777768435,
          0.8397777777768446,
          0.8099999999990999,
          0.962333333332264,
          0.9175555555545359,
          0.9316666666656314,
          0.8636666666657069
        ],
        "f1": [
          0.9363485884906747,
          0.878447841994899,
          0.9017327940068616,
          0.8404509307462766,
          0.8566247258182237,
          0.8136614716440961,
          0.947955995656785,
          0.9073229637410412,
          0.9265705237576205,
          0.8677644382031627
        ],
        "accuracy": 0.8879333333333334,
        "macro_precision": 0.8876495113823607,
        "macro_recall": 0.8879333333323466,
        "macro_f1": 0.8876880274059641
      },
      "test": {
        "precision": [
          0.9296284117056564,
          0.8717749972307919,
          0.9125782583939526,
          0.8361569570435717,
          0.8741622371147744,
          0.821577700032929,
          0.9375956284142758,
          0.8983677910762803,
          0.918481848183808,
          0.8676257388191505
        ],
        "recall": [
          0.9423333333322862,
          0.8747777777768058,
          0.8907777777767879,
          0.8499999999990555,
          0.8405555555546216,
          0.80888888888799,
          0.953222222221163,
          0.917333333332314,
          0.9276666666656358,
          0.8644444444434839
        ],
        "f1": [
          0.9359377536484276,
          0.8732738012216628,
          0.9015462418369391,
          0.8430216490850324,
          0.8570295633707242,
          0.815183915272611,
          0.9453443476163798,
          0.9077515068192286,
          0.9230514046176769,
          0.8660321650886615
        ],
        "accuracy": 0.887,
        "macro_precision": 0.886794956801519,
        "macro_recall": 0.8869999999990142,
        "macro_f1": 0.8868172348577344
      }
    },
    {
      "logs": {
        "train_loss": [
          1.115100614590115,
          0.888652330716451,
          0.8279975794474284,
          0.789325049855974,
          0.7579189319186741,
          0.7317355513254802,
          0.7093233701705932,
          0.689912880092197,
          0.6729375205145942,
          0.6555165055698818,
          0.6408295851813423,
          0.6283256845262316,
          0.6174337900797526,
          0.6059997738202413
        ],
        "val_loss": [
          0.9177473645104303,
          0.8551838982476129,
          0.827111906115214,
          0.810374846373664,
          0.8048372870339288,
          0.7949883081436158,
          0.7920493001302084,
          0.7894419781366984,
          0.7876167379167345,
          0.7912319027158949,
          0.7916800388124254,
          0.7897194462882148,
          0.7934188908259074,
          0.7932549259821574
        ],
        "val_acc": [
          0.8277888888888889,
          0.8565333333333334,
          0.8687,
          0.8760444444444444,
          0.8791555555555556,
          0.8839444444444444,
          0.8861444444444444,
          0.8877222222222222,
          0.8890666666666667,
          0.8881,
          0.8906777777777778,
          0.8896555555555555,
          0.8894888888888889,
          0.8891333333333333
        ]
      },
      "val": {
        "precision": [
          0.9339382538442691,
          0.8785242290739222,
          0.8969596462123858,
          0.8337883586318293,
          0.8459122901994088,
          0.8353050336339186,
          0.939960844027692,
          0.9319267979940179,
          0.918186783177588,
          0.8755620503587279
        ],
        "recall": [
          0.9377777777767358,
          0.8863333333323484,
          0.9014444444434427,
          0.8483333333323907,
          0.8679999999990354,
          0.800222222221333,
          0.9602222222211553,
          0.8883333333323462,
          0.9339999999989621,
          0.8654444444434828
        ],
        "f1": [
          0.9358540727280957,
          0.8824114994239005,
          0.8991964483102008,
          0.8409979572178756,
          0.8568138145776257,
          0.8173873517145723,
          0.9499835060471223,
          0.9096080500675362,
          0.9260258831844174,
          0.8704738439039792
        ],
        "accuracy": 0.8890111111111111,
        "macro_precision": 0.8890064287153757,
        "macro_recall": 0.8890111111101232,
        "macro_f1": 0.8888752427175326
      },
      "test": {
        "precision": [
          0.9377089369278607,
          0.874833555258683,
          0.8929592959286106,
          0.8294155704110099,
          0.8446727961050895,
          0.834347215722,
          0.9401138603011384,
          0.9322310200268604,
          0.9158583106257047,
          0.8677455357133171
        ],
        "recall": [
          0.934999999998961,
          0.8759999999990266,
          0.9018888888878868,
          0.854666666665717,
          0.8676666666657025,
          0.7924444444435639,
          0.9541111111100509,
          0.8895555555545671,
          0.9336666666656291,
          0.8638888888879289
        ],
        "f1": [
          0.9363525041788952,
          0.8754163840729808,
          0.8974018744905634,
          0.8418518063168275,
          0.8560153416702838,
          0.812856160947228,
          0.9470607648238674,
          0.9103934450813082,
          0.9246767487821145,
          0.8658129125937153
        ],
        "accuracy": 0.8868888888888888,
        "macro_precision": 0.8869886097020274,
        "macro_recall": 0.8868888888879034,
        "macro_f1": 0.8867837942957785
      }
    },
    {
      "logs": {
        "train_loss": [
          1.1210085925632054,
          0.8869827056672838,
          0.8277726015726725,
          0.7879867404301961,
          0.7568076913197835,
          0.7318201793670654,
          0.7099327632586161,
          0.6888680837843153,
          0.671467042043474,
          0.6559767638312446,
          0.6406876619127062,
          0.6282266183959113,
          0.6167022469202678
        ],