{
  "config": {
    "model": "resnet18",
    "batch_size": 128,
    "lr": 0.00018584635975582938,
    "weight_decay": 1.1515493110494666e-05,
    "dropout": 0.3
  },
  "runs": [
    {
      "logs": {
        "train_loss": [
          0.9772648905012342,
          0.8165012015660604,
          0.749536689376831,
          0.7009213676452637,
          0.6597852684868707,
          0.6292589027086893,
          0.6078847266303168,
          0.5910343978246053,
          0.5754839590708415,
          0.5666628303951687,
          0.5571352975633409,
          0.5493310133510165,
          0.5442313659456041
        ],
        "val_loss": [
          0.8876395195325215,
          0.8153640239397685,
          0.8079624622556898,
          0.8043994323200649,
          0.7997140628814697,
          0.7953493615362379,
          0.7892905947685241,
          0.7885940054257711,
          0.7941202878528171,
          0.806525927151574,
          0.8003750946256849,
          0.7956907459894816,
          0.7906127831670973
        ],
        "val_acc": [
          0.8344666666666667,
          0.8675444444444445,
          0.8714333333333333,
          0.8711333333333333,
          0.8754555555555555,
          0.8794888888888889,
          0.8809,
          0.8815777777777778,
          0.8799222222222223,
          0.8779777777777777,
          0.8807333333333334,
          0.8800666666666667,
          0.8846
        ]
      },
      "val": {
        "precision": [
          0.9330673758854907,
          0.8784419073193659,
          0.9199152043329172,
          0.8007976490335843,
          0.867163323781241,
          0.7983612003091591,
          0.9510528673824472,
          0.902308281368666,
          0.9055742692590398,
          0.8653696498044854
        ],
        "recall": [
          0.935555555554516,
          0.871999999999031,
          0.8678888888879245,
          0.8477777777768357,
          0.8406666666657325,
          0.8011111111102209,
          0.943444444443396,
          0.9164444444434261,
          0.925999999998971,
          0.8648888888879278
        ],
        "f1": [
          0.9343098041423364,
          0.8752090950325477,
          0.8931450410268822,
          0.8236183024297691,
          0.8537094449297183,
          0.7997337868021337,
          0.9472333729552933,
          0.9093214216020227,
          0.9156732356742298,
          0.8651291975553045
        ],
        "accuracy": 0.8815777777777778,
        "macro_precision": 0.8822051728476396,
        "macro_recall": 0.8815777777767982,
        "macro_f1": 0.8817082702150237
      },
      "test": {
        "precision": [
          0.9297506925197453,
          0.8764600179684675,
          0.9119738836412358,
          0.8020952183375146,
          0.8687019396294402,
          0.8033996868700476,
          0.9513629679889702,
          0.901784736668234,
          0.9028141361246697,
          0.863515901059117
        ],
        "recall": [
          0.9323333333322973,
          0.8671111111101476,
          0.8691111111101454,
          0.8592222222212674,
          0.8409999999990655,
          0.7982222222213352,
          0.9345555555545171,
          0.9151111111100942,
          0.9196666666656448,
          0.8688888888879234
        ],
        "f1": [
          0.9310402169129848,
          0.8717604954459974,
          0.8900267344909881,
          0.8296765145050488,
          0.8546265404754226,
          0.800802581109961,
          0.9428843624675313,
          0.9083990464524188,
          0.911162478486875,
          0.866194057914463
        ],
        "accuracy": 0.8805222222222222,
        "macro_precision": 0.8811859180807442,
        "macro_recall": 0.8805222222212438,
        "macro_f1": 0.8806573028261692
      }
    },
    {
      "logs": {
        "train_loss": [
          0.9789235363218519,
          0.817859413295322,
          0.7492889843198988,
          0.6980044954617818,
          0.661682940504286,
          0.6304663921780056,
          0.6067995780732897,
          0.5896476357036167,
          0.5764910793728298,
          0.5656684785313076,
          0.5569252810796101
        ],
        "val_loss": [
          0.8834281061596341,
          0.8315433954980638,
          0.8447999429066976,
          0.7970355996979608,
          0.8069798818058438,
          0.7954496198124356,
          0.8048811459435357,
          0.7966397013558282,
          0.7983848486476475,
          0.8049010484483506,
          0.804324376127455
        ],
        "val_acc": [
          0.8354777777777778,
          0.8611555555555556,
          0.8545888888888888,
          0.8735888888888889,
          0.8724888888888889,
          0.8799888888888889,
          0.8766555555555555,
          0.8804111111111111,
          0.8810111111111111,
          0.8793666666666666,
          0.8808444444444444
        ]
      },
      "val": {
        "precision": [
          0.9381477766622777,
          0.9309206181469675,
          0.9271989497542341,
          0.8443592922339181,
          0.8157187176827138,
          0.8374629519847806,
          0.9118601486434503,
          0.899542882019047,
          0.936930783241192,
          0.7870247777560175
        ],
        "recall": [
          0.935333333332294,
          0.7831111111102409,
          0.863222222221263,
          0.8324444444435194,
          0.8764444444434706,
          0.7848888888880167,
          0.9678888888878133,
          0.9183333333323129,
          0.9144444444434283,
          0.9246666666656391
        ],
        "f1": [
          0.9367384359937945,
          0.850642684071217,
          0.8940675477989566,
          0.8383595317306968,
          0.8449919607259411,
          0.8103240558015681,
          0.9390395034387232,
          0.9088409890615538,
          0.9255510521297011,
          0.8503116329184551
        ],
        "accuracy": 0.8800777777777777,
        "macro_precision": 0.8829166898124597,
        "macro_recall": 0.8800777777767997,
        "macro_f1": 0.8798867393670609
      },
      "test": {
        "precision": [
          0.9354441709544243,
          0.9260973030130538,
          0.920833333332237,
          0.8389074693413167,
          0.8176061455405194,
          0.8292711644874258,
          0.9130389064133406,
          0.8997275204349866,
          0.9344543582693496,
          0.7854373522451201
        ],
        "recall": [
          0.9289999999989677,
          0.7783333333324685,
          0.8594444444434894,
          0.836111111110182,
          0.8751111111101387,
          0.782555555554686,
          0.9647777777767057,
          0.917222222221203,
          0.9076666666656581,
          0.9228888888878634
        ],
        "f1": [
          0.9322109438227464,
          0.8458101858117331,
          0.8890804547750383,
          0.8375069510369227,
          0.8453818444118292,
          0.8052363752696717,
          0.9381955649649647,
          0.9083906414918985,
          0.9208657373064107,
          0.848633456078756
        ],
        "accuracy": 0.8773111111111112,
        "macro_precision": 0.8800817724031773,
        "macro_recall": 0.8773111111101363,
        "macro_f1": 0.8771312154969971
      }
    },
    {
      "logs": {
        "train_loss": [
          0.9800524040857951,
          0.8167137600792779,
          0.7481648042360941,
          0.699701702647739,
          0.6590324450069004,
          0.628575904168023,
          0.6073953973770142,
          0.5897544708040026,
          0.5763402170287238,
          0.5671075673633151,
          0.5566258251614041,
          0.5504471060752869,
          0.5441159987979465,
          0.5398105126168993,
          0.5362869173897638
        ],