{
  "config": {
    "model": "resnet18",
    "batch_size": 64,
    "lr": 7.286784685435024e-05,
    "weight_decay": 1.834815967318161e-06,
    "dropout": 0.3
  },
  "runs": [
    {
      "logs": {
        "train_loss": [
          0.9920946652518379,
          0.8211870921028985,
          0.7537657009760539,
          0.7020761697663201,
          0.6619088205125597,
          0.6286359340879653,
          0.6069585649278428,
          0.5895909503406949,
          0.5758552797105577,
          0.5642386466874016,
          0.5552716820293002,
          0.5487429419411554,
          0.5434093915833367,
          0.5381225323677064,
          0.5338985753483243,
          0.5298765012635125,
          0.5275376575787862,
          0.5251390339003669,
          0.5226030076450772,
          0.5208318408436245
        ],
        "val_loss": [
          0.8476720985730489,
          0.7998006537119547,
          0.7944048636330499,
          0.7841082033263312,
          0.7816902252409194,
          0.7849786601596408,
          0.7915249124738906,
          0.7792707109239366,
          0.7824120641390483,
          0.7799881668514675,
          0.7800083527459039,
          0.7731633094363742,
          0.7710428132481045,
          0.7745325408829583,
          0.76963040983412,
          0.7741811898337471,
          0.7701219387902154,
          0.770983273908827,
          0.7701113944583469,
          0.7728827612559
        ],
        "val_acc": [
          0.8575222222222222,
          0.8771555555555556,
          0.8800111111111111,
          0.8845888888888889,
          0.8868666666666667,
          0.8856777777777778,
          0.8817555555555555,
          0.8871333333333333,
          0.8872,
          0.8883888888888889,
          0.8895777777777778,
          0.8906111111111111,
          0.8918111111111111,
          0.8907111111111111,
          0.8925666666666666,
          0.8910555555555556,
          0.8918888888888888,
          0.8917777777777778,
          0.8916444444444445,
          0.8911777777777777
        ]
      },
      "val": {
        "precision": [
          0.930405331584256,
          0.8824113945005162,
          0.9015201586242547,
          0.8226777977376912,
          0.8743169398897149,
          0.8370136698202628,
          0.9452774433611192,
          0.9330582301685774,
          0.9103292931450065,
          0.8879844072450263
        ],
        "recall": [
          0.9462222222211708,
          0.8879999999990132,
          0.9093333333323229,
          0.8649999999990388,
          0.8533333333323851,
          0.7959999999991155,
          0.9596666666656003,
          0.9044444444434394,
          0.9429999999989521,
          0.8605555555545993
        ],
        "f1": [
          0.9382471166871967,
          0.8851968715566371,
          0.9054098854737015,
          0.8433082331000481,
          0.8636977008027352,
          0.8159917940796209,
          0.9524177046535328,
          0.9185285438604783,
          0.9263766800412019,
          0.874054842082966
        ],
        "accuracy": 0.8925555555555555,
        "macro_precision": 0.8924994666076426,
        "macro_recall": 0.8925555555545637,
        "macro_f1": 0.8923229372338118
      },
      "test": {
        "precision": [
          0.9300447451697805,
          0.8802956751976165,
          0.8980219780209912,
          0.82317776612394,
          0.8752997601908469,
          0.8348677310327061,
          0.9461665747369594,
          0.9333180041378094,
          0.909061627656314,
          0.8883411670286732
        ],
        "recall": [
          0.9468888888878367,
          0.8865555555545704,
          0.9079999999989911,
          0.8721111111101421,
          0.8516666666657203,
          0.7959999999991155,
          0.952999999998941,
          0.9019999999989977,
          0.9407777777767324,
          0.8609999999990433
        ],
        "f1": [
          0.9383912299275201,
          0.8834145211284026,
          0.9029834204135194,
          0.8469382199830199,
          0.8633215020112834,
          0.8149707020151659,
          0.9495709886331125,
          0.9173917906835471,
          0.9246478054187194,
          0.8744569153861738
        ],
        "accuracy": 0.8918,
        "macro_precision": 0.8918595029295637,
        "macro_recall": 0.891799999999009,
        "macro_f1": 0.8916087095600463
      }
    },
    {
      "logs": {
        "train_loss": [
          0.9919716129726833,
          0.8207234065903558,
          0.751494871796502,
          0.7013862309243944,
          0.660720522456699,
          0.6306482302347819,
          0.6080039341396756,
          0.5904675410164727,
          0.5750697829988267,
          0.5643729818132188
        ],
        "val_loss": [
          0.8433158470153809,
          0.8130689836290148,
          0.7960850433879428,
          0.7872052695592244,
          0.7780780128479003,
          0.7787857747395833,
          0.7811640115525987,
          0.7827921096060011,
          0.7841053908560011,
          0.7831292170206706
        ],
        "val_acc": [
          0.8603111111111111,
          0.871,
          0.8798,
          0.8835111111111111,
          0.8888333333333334,
          0.8875555555555555,
          0.8877444444444444,
          0.8877222222222222,
          0.8868555555555555,
          0.8892111111111111
        ]
      },
      "val": {
        "precision": [
          0.9405762977901776,
          0.8826920944662571,
          0.871127502633434,
          0.8569122564270069,
          0.873200506736297,
          0.785154208049362,
          0.9495139195747353,
          0.9082830499167215,
          0.9365115228186437,
          0.8906394809998949
        ],
        "recall": [
          0.9321111111100754,
          0.8845555555545727,
          0.9185555555545348,
          0.8257777777768601,
          0.8424444444435083,
          0.8344444444435172,
          0.9549999999989388,
          0.9198888888878667,
          0.9211111111100876,
          0.854222222221273
        ],
        "f1": [
          0.9363245666827448,
          0.8836228375541055,
          0.8942130831583041,
          0.8410569745741205,
          0.8575467913587209,
          0.809049281295168,
          0.9522490532750777,
          0.9140491255539812,
          0.9287474742733339,
          0.8720508116981036
        ],
        "accuracy": 0.8888111111111111,
        "macro_precision": 0.8894610839412529,
        "macro_recall": 0.8888111111101233,
        "macro_f1": 0.8888909999423662
      },
      "test": {
        "precision": [
          0.9366875840419803,
          0.8794120921936538,
          0.8670368818096531,
          0.8494489262574145,
          0.8715837621488032,
          0.7822742122449338,
          0.9495873299119455,
          0.9068336629302275,
          0.9356565311457286,
          0.8849659628465616
        ],
        "recall": [
          0.9287777777767457,
          0.8775555555545804,
          0.9194444444434228,
          0.8306666666657436,
          0.8468888888879478,
          0.8247777777768612,
          0.9459999999989488,
          0.917111111110092,
          0.9128888888878745,
          0.8522222222212752
        ],
        "f1": [
          0.9327159066259182,
          0.8784828379999738,
          0.8924719535883273,
          0.8399528066394767,
          0.8590588848281848,
          0.802963919498275,
          0.947790265509928,
          0.9119434266641606,
          0.9241324959839154,
          0.8682854990478868
        ],
        "accuracy": 0.8856333333333334,
        "macro_precision": 0.88634869455309,
        "macro_recall": 0.8856333333323493,