{
  "config": {
    "model": "resnet18",
    "batch_size": 64,
    "lr": 4.3178586365738596e-05,
    "weight_decay": 2.5129077755095298e-06,
    "dropout": 0.3
  },
  "runs": [
    {
      "logs": {
        "train_loss": [
          1.021006186856164,
          0.8385676961898804,
          0.771328805202908,
          0.7234380098342895,
          0.6839070404052734,
          0.6495812389797635,
          0.6256887707604303,
          0.6050371055814955,
          0.5882932322290209,
          0.5750587503645155,
          0.5649800475862291,
          0.5565536928812663,
          0.5506982937706841,
          0.5445026230918036,
          0.539932897567749,
          0.5354221691555447,
          0.5320239279747009,
          0.5292737660302056,
          0.5263916919072469,
          0.5242379800160726,
          0.5224482027053833,
          0.5207140513208177,
          0.5190587704552545,
          0.5177109102778965,
          0.5165097938643561,
          0.5156531045065986,
          0.5147380375438266,
          0.5139441184573703,
          0.5129017578548856,
          0.5122376814948187,
          0.5118078822029961,
          0.5113217315673828,
          0.5106253272162543,
          0.5102794953240288,
          0.509764467631446,
          0.5095405308087667,
          0.5092958452860514,
          0.5089563036812677,
          0.5087174800872802,
          0.5085116315841675,
          0.5084061744901869,
          0.5081999189164903,
          0.5080650560908847,
          0.5080453931384616,
          0.5079620998276605
        ],
        "val_loss": [
          0.853772131093343,
          0.8039648158815172,
          0.795612091339959,
          0.7815822375085619,
          0.7853720174153646,
          0.7785802796257867,
          0.7821188227335611,
          0.7788507777108087,
          0.7814473524623446,
          0.7796823802524143,
          0.7782814532174005,
          0.7721696863810221,
          0.7708213524712456,
          0.7706096963564555,
          0.7678596157709757,
          0.7666370861477322,
          0.7675528377321031,
          0.7656252136230469,
          0.7617502576404148,
          0.7661280174043443,
          0.7620243660820855,
          0.7587468364715576,
          0.7603357127719456,
          0.7615933698866102,
          0.7584176300472684,
          0.756217820654975,
          0.7555740798950196,
          0.7558591111607021,
          0.7539741188049316,
          0.7559296066708034,
          0.7557748325135972,
          0.7542515964296129,
          0.7543208082728916,
          0.753465852716234,
          0.7540960228814019,
          0.7546302469995286,
          0.7539673261642456,
          0.7529939600202772,
          0.7532607145309448,
          0.7519863169564142,
          0.7526264356825086,
          0.7522311676131355,
          0.7536134305106269,
          0.7530222049713134,
          0.753122205766042
        ],
        "val_acc": [
          0.8567333333333333,
          0.8772,
          0.8814222222222222,
          0.8868111111111111,
          0.8874222222222222,
          0.8901777777777777,
          0.8876888888888889,
          0.8891888888888889,
          0.8890888888888889,
          0.8904777777777778,
          0.8919,
          0.8935222222222222,
          0.8931,
          0.8934888888888889,
          0.8941,
          0.8942888888888889,
          0.8941333333333333,
          0.8937888888888889,
          0.8947,
          0.8944111111111112,
          0.8948333333333334,
          0.8964222222222222,
          0.8958,
          0.8951444444444444,
          0.8957222222222222,
          0.8963555555555556,
          0.8964555555555556,
          0.8968111111111111,
          0.8977555555555555,
          0.8969888888888888,
          0.8972777777777777,
          0.8975222222222222,
          0.8975888888888889,
          0.8982444444444444,
          0.8982888888888889,
          0.8981,
          0.8990555555555556,
          0.8989888888888888,
          0.8988666666666667,
          0.8994888888888889,
          0.8989222222222222,
          0.8987333333333334,
          0.8993,
          0.8987222222222222,
          0.8990777777777778
        ]
      },
      "val": {
        "precision": [
          0.947816349383037,
          0.8845435570681263,
          0.9232083855520984,
          0.8651927437631913,
          0.8711391564254719,
          0.8281008180402076,
          0.9431131260784292,
          0.9205261412612793,
          0.9200304645839189,
          0.8905449994300937
        ],
        "recall": [
          0.9404444444433995,
          0.8946666666656725,
          0.9003333333323329,
          0.8478888888879467,
          0.8743333333323617,
          0.8323333333324084,
          0.970777777776699,
          0.925333333332305,
          0.9395555555545115,
          0.8696666666657002
        ],
        "f1": [
          0.9441160016917169,
          0.8895763083174136,
          0.9116273786977981,
          0.8564534181196387,
          0.8727333172416041,
          0.8302116762581171,
          0.9567455052934705,
          0.9229234725853135,
          0.9296905012938503,
          0.879982006355046
        ],
        "accuracy": 0.8995333333333333,
        "macro_precision": 0.8994215741585855,
        "macro_recall": 0.8995333333323339,
        "macro_f1": 0.8994059585853968
      },
      "test": {
        "precision": [
          0.9490631661607213,
          0.8828142257555965,
          0.9222449908914819,
          0.8620109853145812,
          0.8695266600145554,
          0.8320796460167786,
          0.9411572764836401,
          0.9181999556629148,
          0.9217749810123448,
          0.8843106180655599
        ],
        "recall": [
          0.9398888888878445,
          0.8881111111101242,
          0.9001111111101109,
          0.854444444443495,
          0.8715555555545871,
          0.835777777776849,
          0.9614444444433761,
          0.9204444444434217,
          0.943999999998951,
          0.8679999999990354
        ],
        "f1": [
          0.9444537436732107,
          0.8854547418695634,
          0.9110436297275584,
          0.8582110323296455,
          0.8705399206413468,
          0.8339246069724925,
          0.9511926958899263,
          0.9193208250955359,
          0.9327551138447203,
          0.8760793939004263
        ],
        "accuracy": 0.8983777777777778,
        "macro_precision": 0.8983182505378176,
        "macro_recall": 0.8983777777767795,