{
  "config": {
    "model": "resnet18",
    "batch_size": 128,
    "lr": 0.0004465118975867086,
    "weight_decay": 0.0001355987531147294,
    "dropout": 0
  },
  "runs": [
    {
      "logs": {
        "train_loss": [
          1.003208195877075,
          0.860938158247206,
          0.7989960497750176,
          0.7479071868472629,
          0.7059804698732164,
          0.6743823765860664,
          0.6459327315648397,
          0.6225694277233548,
          0.6027933904435899,
          0.5864060127682156,
          0.5731459892061022
        ],
        "val_loss": [
          0.9237873516612582,
          0.87577675236596,
          0.8567250882890489,
          0.8534230879571703,
          0.8776094192081028,
          0.8203515877193874,
          0.8257646997451782,
          0.8425688556671143,
          0.8210608939276801,
          0.8339164695527819,
          0.8278187165366279
        ],
        "val_acc": [
          0.8166222222222222,
          0.8359444444444445,
          0.8467888888888889,
          0.8476888888888889,
          0.8419,
          0.8634111111111111,
          0.864,
          0.8595333333333334,
          0.8677111111111111,
          0.8650888888888889,
          0.8681222222222222
        ]
      },
      "val": {
        "precision": [
          0.8959592745774779,
          0.8357607685147859,
          0.894606396788747,
          0.7652787439125853,
          0.875837261224416,
          0.7914302258242136,
          0.8980146290481734,
          0.8741482112426807,
          0.9311030529875645,
          0.8877976921177415
        ],
        "recall": [
          0.9386666666656236,
          0.898999999999001,
          0.8422222222212864,
          0.8556666666657159,
          0.7845555555546837,
          0.7593333333324895,
          0.9548888888878279,
          0.9122222222212085,
          0.8844444444434616,
          0.8035555555546626
        ],
        "f1": [
          0.9168158830043189,
          0.8662277130079654,
          0.8676243296913593,
          0.807952573307728,
          0.827687253248815,
          0.7750496122397093,
          0.9255788856876128,
          0.8927794643357937,
          0.9071741929622661,
          0.8435786722539255
        ],
        "accuracy": 0.8634555555555555,
        "macro_precision": 0.8649936256238385,
        "macro_recall": 0.8634555555545962,
        "macro_f1": 0.8630468579739494
      },
      "test": {
        "precision": [
          0.8887835702992218,
          0.8293863261935447,
          0.8945622556558528,
          0.7681101972046693,
          0.8737011380493893,
          0.7903656413223559,
          0.8970110120598876,
          0.8730679652753831,
          0.9285208775643683,
          0.8859681599396693
        ],
        "recall": [
          0.9376666666656247,
          0.8949999999990055,
          0.8389999999990677,
          0.8612222222212652,
          0.7847777777769057,
          0.7565555555547149,
          0.9503333333322773,
          0.9163333333323151,
          0.8746666666656947,
          0.7976666666657803
        ],
        "f1": [
          0.9125709601283044,
          0.8609448432320564,
          0.865890712279529,
          0.8120056521313969,
          0.8268555323582902,
          0.7730911105280506,
          0.9229026116743325,
          0.8941775944815155,
          0.9007895590267727,
          0.8395018367949153
        ],
        "accuracy": 0.8613222222222222,
        "macro_precision": 0.8629477143564342,
        "macro_recall": 0.8613222222212651,
        "macro_f1": 0.8608730412635163
      }
    },
    {
      "logs": {
        "train_loss": [
          1.0047663438796997,
          0.8617100628323026,
          0.7975350287755331,
          0.7496376537322998,
          0.7093134557723999,
          0.6772735720740424,
          0.6459728933758205,
          0.6230688947041829,
          0.6036156880060831,
          0.5870553330845303,
          0.5757017467286851,
          0.5638643577681648,
          0.5546186590512594,
          0.5459562549379137,
          0.5419476701312594,
          0.5376790590286255,
          0.5321169325298734,
          0.5289050960964626,
          0.5271152150260078,
          0.5226330199771457,
          0.5209772197087605,
          0.518627998691135,
          0.5169823193232218,
          0.5149644115236071,
          0.5117507621341282,
          0.5120005469322204,
          0.510472025320265,
          0.5083866419050429,
          0.5075183001306321,
          0.5069808063930935,
          0.5054249863730537,
          0.5052974799580044,
          0.5046500773111979,
          0.5041084587732951,
          0.5032957211706374,
          0.5029499130037096,
          0.5026135145823161,
          0.5024111834314134,
          0.502211248058743,
          0.5020826858202616,
          0.5019352888319227,
          0.5018050584051345,
          0.5017020637512207,
          0.5015971859296163,
          0.5015375840293037,
          0.5015018883493212,
          0.5014622671551174,
          0.5014116785261367,
          0.5013794635136922,
          0.5014266105122036
        ],
        "val_loss": [
          0.9811877394570244,
          0.9409240935219658,
          0.9018770385318332,
          0.8475292611863878,
          0.8483349529690213,
          0.836365887260437,
          0.8502583425945706,
          0.8383676654073927,
          0.8464668463812934,
          0.8302408486684163,
          0.8279923743036058,
          0.831527869966295,
          0.8236950676600139,
          0.8236856942388746,
          0.8380158394495646,
          0.8228310828314888,
          0.8205440408812629,
          0.83516152727339,
          0.8265046300782097,
          0.8280771307945252,
          0.8185512821409437,
          0.819079510222541,
          0.8131622513453166,
          0.8155882007916768,
          0.8204864487753974,
          0.8120146185768975,
          0.8111882946226332,
          0.8048246841642591,
          0.8091553583992852,
          0.8063966661771138,
          0.7983996452119615,
          0.8005862504323323,
          0.7985254966947768,
          0.7970432378451029,
          0.7940212646484375,
          0.7907345086945428,
          0.7908871584362454,
          0.788804151948293,
          0.7889844821082221,
          0.7878424254523383,
          0.7854016401078966,
          0.7861631022983128,
          0.7787458624945747,
          0.7837951052771674,
          0.7819235698276096,
          0.7837668642573886,
          0.7811095656818814,
          0.7768503563351101,
          0.7829240285873413,
          0.7808865171856351
        ],