{
  "config": {
    "model": "resnet18",
    "batch_size": 64,
    "lr": 0.00037861355749074717,
    "weight_decay": 7.428198001955309e-05,
    "dropout": 0.3
  },
  "runs": [
    {
      "logs": {
        "train_loss": [
          1.0584034832000733,
          0.9018476757897271,
          0.8349489841037326,
          0.7820231790012784,
          0.7414354156494141,
          0.703568979051378,
          0.6749101048575508,
          0.6491196790059408,
          0.6262661462359959,
          0.610287517759535,
          0.595464165295495
        ],
        "val_loss": [
          0.9348489396413168,
          0.8901791534529792,
          0.8667486708323161,
          0.8491446864657932,
          0.8523480965932211,
          0.8280219264984131,
          0.871982294400533,
          0.8455363189909193,
          0.8456455530696445,
          0.8532481415218777,
          0.8421071183416579
        ],
        "val_acc": [
          0.8111333333333334,
          0.831,
          0.8411333333333333,
          0.8473444444444445,
          0.8508777777777777,
          0.8615666666666667,
          0.8462888888888889,
          0.8573444444444445,
          0.8596222222222222,
          0.8576555555555555,
          0.8657777777777778
        ]
      },
      "val": {
        "precision": [
          0.9207513615639427,
          0.8730569948176694,
          0.8803723281994019,
          0.8091263216462892,
          0.8977882476103942,
          0.7424114671155749,
          0.8708931980298694,
          0.8926077801164882,
          0.8832124573369419,
          0.8555319861551238
        ],
        "recall": [
          0.9204444444434217,
          0.8612222222212652,
          0.8512222222212763,
          0.8077777777768802,
          0.7622222222213753,
          0.782666666665797,
          0.9631111111100409,
          0.8948888888878945,
          0.9201111111100887,
          0.8514444444434983
        ],
        "f1": [
          0.9205978724229923,
          0.8670992231008402,
          0.8655519100382878,
          0.8084514823496743,
          0.8244696783446566,
          0.762007783838661,
          0.9146836862478922,
          0.8937468739869762,
          0.9012842788496104,
          0.8534833162665503
        ],
        "accuracy": 0.8615111111111111,
        "macro_precision": 0.8625752142591697,
        "macro_recall": 0.8615111111101538,
        "macro_f1": 0.861137610544614
      },
      "test": {
        "precision": [
          0.9155995991527495,
          0.8711176603934808,
          0.8752134805865021,
          0.8124443455022122,
          0.8975292587764662,
          0.744436240902073,
          0.8715095103188268,
          0.8992645420092497,
          0.8811563169155447,
          0.8483611080445332
        ],
        "recall": [
          0.9136666666656514,
          0.85388888888794,
          0.854111111110162,
          0.8109999999990988,
          0.7668888888880367,
          0.7842222222213507,
          0.9571111111100475,
          0.8966666666656703,
          0.9144444444434283,
          0.854111111110162
        ],
        "f1": [
          0.9146321066724213,
          0.8624172321221882,
          0.8645335382714361,
          0.8117215252482115,
          0.8270820801106992,
          0.7638114770652193,
          0.912306709689084,
          0.8979637203801174,
          0.8974918161566829,
          0.851226394423288
        ],
        "accuracy": 0.8606111111111111,
        "macro_precision": 0.8616632062601639,
        "macro_recall": 0.8606111111101548,
        "macro_f1": 0.8603186600139349
      }
    },
    {
      "logs": {
        "train_loss": [
          1.0589486777623494,
          0.9024660711924235,
          0.8337663417286343,
          0.7835811639361911,
          0.7418682369973925,
          0.7044619242138332,
          0.6744949495739407,
          0.6490089136547512,
          0.6274654278437296,
          0.6107330301814609,
          0.5954458215713501,
          0.583298410097758
        ],
        "val_loss": [
          0.9749018858379788,
          0.8718621958838568,
          0.9001724342770047,
          0.8667195529301961,
          0.8490506327523125,
          0.8350049462212457,
          0.829041654226515,
          0.8294728727764553,
          0.840567407904731,
          0.8551896221054924,
          0.8331435357305739,
          0.8402032162984212
        ],
        "val_acc": [
          0.7935111111111111,
          0.8391111111111111,
          0.8258777777777778,
          0.845,
          0.8505666666666667,
          0.8596555555555555,
          0.8604555555555555,
          0.8626444444444444,
          0.8620888888888889,
          0.8589333333333333,
          0.8638444444444444,
          0.8658888888888889
        ]
      },
      "val": {
        "precision": [
          0.9327944572737495,
          0.8606020215474168,
          0.8822112627584788,
          0.749096748293106,
          0.8197490452800656,
          0.8068279503858445,
          0.948098075159317,
          0.9030560841812346,
          0.8936794092084125,
          0.8235728606090286
        ],
        "recall": [
          0.8975555555545582,
          0.8608888888879322,
          0.854666666665717,
          0.8293333333324118,
          0.8347777777768501,
          0.7299999999991889,
          0.9194444444434228,
          0.8963333333323373,
          0.9143333333323174,
          0.8672222222212586
        ],
        "f1": [
          0.9148357820902849,
          0.8607454263160467,
          0.8682205492076256,
          0.7871756963409233,
          0.8271951505183567,
          0.7664936075648301,
          0.9335514390434452,
          0.8996821452249071,
          0.9038883957026473,
          0.8448341130951817
        ],
        "accuracy": 0.8604555555555555,
        "macro_precision": 0.8619687914696653,
        "macro_recall": 0.8604555555545994,
        "macro_f1": 0.8606622305104249
      },
      "test": {
        "precision": [
          0.9351862530262539,
          0.8585137246140833,
          0.8871818390267286,
          0.7506256882563312,
          0.8283483615561597,
          0.8005108867524625,
          0.9445530886909644,
          0.9086829706070129,
          0.8885058709459349,
          0.8235107396034033
        ],
        "recall": [
          0.9009999999989988,
          0.8548888888879389,
          0.8597777777768224,
          0.8331111111101853,
          0.8369999999990699,
          0.7312222222214096,
          0.9123333333323196,
          0.8999999999989999,
          0.9164444444434261,
          0.8647777777768169
        ],
        "f1": [
          0.917774880406161,
          0.8566974674408901,
          0.873264863525242,
          0.7897203594342384,
          0.8326517027476394,
          0.7642993969023811,
          0.9281636755520867,
          0.9043206380715629,
          0.9022589240599932,
          0.8436399061180015
        ],
        "accuracy": 0.8610555555555556,
        "macro_precision": 0.8625619423079336,
        "macro_recall": 0.8610555555545988,
        "macro_f1": 0.8612791814258196
      }
    },
    {
      "logs": {
        "train_loss": [
          1.060842932425605,
          0.9025750918918186,
          0.8352876473108928,
          0.7832250514772203,
          0.7413087938520644,
          0.7055835220654806,
          0.67426214650472,
          0.6476018722322252,
          0.6280191716300116,
          0.6105616249720256,
          0.5981561040666368,
          0.5846754659016927,
          0.5728492513868544
        ],