{
  "config": {
    "model": "resnet18",
    "batch_size": 128,
    "lr": 0.0002691354934754961,
    "weight_decay": 1.8094330357006145e-05,
    "dropout": 0
  },
  "runs": [
    {
      "logs": {
        "train_loss": [
          0.9632360500335694,
          0.8158408351686266,
          0.7540231174151103,
          0.7054328032387628,
          0.6659931228425767,
          0.6372691897498237,
          0.6132042388916016,
          0.5944939912372166,
          0.5791129130893283,
          0.5674376371595594,
          0.5561076897939046
        ],
        "val_loss": [
          0.90552190557056,
          0.8383587092081706,
          0.8086824201371935,
          0.8166771605173747,
          0.8412528466542561,
          0.7995425273259481,
          0.810908159520891,
          0.81186784324646,
          0.8056164701779683,
          0.8066649708429973,
          0.8032116188473172
        ],
        "val_acc": [
          0.8240333333333333,
          0.8543222222222222,
          0.8691444444444445,
          0.8648333333333333,
          0.8579555555555556,
          0.8763111111111112,
          0.8724,
          0.8724777777777778,
          0.8749555555555556,
          0.8764666666666666,
          0.8790111111111111
        ]
      },
      "val": {
        "precision": [
          0.9265288165409958,
          0.9014134275607756,
          0.8983963344777796,
          0.8202148651602497,
          0.8710331663077177,
          0.7938327952790895,
          0.9258022830056797,
          0.8556806550656543,
          0.9163235785012613,
          0.8553177549673997
        ],
        "recall": [
          0.9359999999989599,
          0.8503333333323885,
          0.8714444444434761,
          0.8313333333324096,
          0.8112222222213208,
          0.7923333333324529,
          0.9552222222211608,
          0.9288888888878567,
          0.9149999999989833,
          0.8703333333323662
        ],
        "f1": [
          0.9312403222155491,
          0.8751286399432163,
          0.8847151670249781,
          0.8257366686556445,
          0.8400644294777967,
          0.7930823505571495,
          0.9402821780910839,
          0.8907831596318658,
          0.9156613059457793,
          0.8627602108822348
        ],
        "accuracy": 0.8762111111111112,
        "macro_precision": 0.8764543676866603,
        "macro_recall": 0.8762111111101374,
        "macro_f1": 0.8759454432425298
      },
      "test": {
        "precision": [
          0.9237400530493769,
          0.9004868780419183,
          0.8954644122005078,
          0.8149305181505817,
          0.8722182340262356,
          0.801208865009177,
          0.9218936193251848,
          0.8549657359099365,
          0.9150100513726658,
          0.8514230061672422
        ],
        "recall": [
          0.9286666666656347,
          0.8425555555546194,
          0.8708888888879212,
          0.8405555555546216,
          0.8099999999990999,
          0.7953333333324496,
          0.9455555555545049,
          0.9287777777767457,
          0.9103333333323218,
          0.8742222222212508
        ],
        "f1": [
          0.9261968035096473,
          0.8705585163293613,
          0.8830056841792667,
          0.8275447086687279,
          0.8399585155727576,
          0.7982602827208235,
          0.9335746754890552,
          0.8903445654927813,
          0.9126656962355094,
          0.8626719976313616
        ],
        "accuracy": 0.8746888888888888,
        "macro_precision": 0.8751341373252826,
        "macro_recall": 0.874688888887917,
        "macro_f1": 0.8744781445829293
      }
    },
    {
      "logs": {
        "train_loss": [
          0.9604110410266452,
          0.8191300282478332,
          0.7558356981701321,
          0.7077117925431994,
          0.6682134626812405,
          0.6381245611614651,
          0.6144837185647752,
          0.5945399213261074,
          0.581989825714959
        ],
        "val_loss": [
          0.9191412975523207,
          0.8760734713024563,
          0.8556005643208822,
          0.8073504752900865,
          0.8161436344570584,
          0.8129391655074225,
          0.8129558608796862,
          0.8087043286641439,
          0.8450215767436557
        ],
        "val_acc": [
          0.8159,
          0.8375,
          0.8482222222222222,
          0.8700777777777777,
          0.8673777777777778,
          0.8705888888888889,
          0.8743222222222222,
          0.8752444444444445,
          0.8631333333333333
        ]
      },
      "val": {
        "precision": [
          0.8758564270366337,
          0.865505226479831,
          0.9001512859293609,
          0.8340435333400505,
          0.825511945391611,
          0.8202637889678414,
          0.9427361853821938,
          0.8948175742293252,
          0.9153976311326391,
          0.8265464718673436
        ],
        "recall": [
          0.9516666666656092,
          0.8279999999990799,
          0.8594444444434894,
          0.8046666666657725,
          0.8599999999990444,
          0.7601111111102665,
          0.9402222222211775,
          0.9074444444434361,
          0.9016666666656648,
          0.8863333333323484
        ],
        "f1": [
          0.9121891424595735,
          0.846337303349021,
          0.8793270000605067,
          0.8190917780691642,
          0.8424031295244677,
          0.7890426709002206,
          0.9414775205886364,
          0.9010867716307952,
          0.9084802636810485,
          0.8553964884907783
        ],
        "accuracy": 0.8699555555555556,
        "macro_precision": 0.870083006975683,
        "macro_recall": 0.8699555555545888,
        "macro_f1": 0.8694832068754212
      },
      "test": {
        "precision": [
          0.8778257295510914,
          0.8668690879354585,
          0.8975457281767798,
          0.8248208394939996,
          0.8285622386610607,
          0.8157768733531053,
          0.9415992812208651,
          0.8910066820014338,
          0.9114765176248322,
          0.8248476711754364
        ],
        "recall": [
          0.9492222222211675,
          0.8247777777768612,
          0.8614444444434872,
          0.8056666666657714,
          0.8586666666657126,
          0.7572222222213808,
          0.9315555555545204,
          0.9037777777767735,
          0.899222222221223,
          0.8874444444434583
        ],
        "f1": [
          0.91212897215806,
          0.8452997729443978,
          0.8791246123046584,
          0.8151312411354602,
          0.8433458781239321,
          0.7854096988207058,
          0.9365504865093746,
          0.8973467874312782,
          0.9053078981257894,
          0.8550018683665762
        ],
        "accuracy": 0.8679,
        "macro_precision": 0.8680330649194063,
        "macro_recall": 0.8678999999990354,