{
  "config": {
    "model": "resnet18",
    "batch_size": 128,
    "lr": 4.121175407232922e-05,
    "weight_decay": 0.00029545876797099866,
    "dropout": 0
  },
  "runs": [
    {
      "logs": {
        "train_loss": [
          0.9986395449744331,
          0.8111595764584012,
          0.7497113545629713,
          0.7039023071924846,
          0.667151364241706,
          0.6374148935317994,
          0.6133152168061998,
          0.5937846613778008,
          0.578400667836931,
          0.5669631044069926,
          0.5569346413506402,
          0.5500079762564765,
          0.5438118656476338,
          0.5391465447425843,
          0.5343034233411154,
          0.5312849981096056,
          0.5278665845129225,
          0.525501965851254,
          0.5232036926481459,
          0.5214184952629937,
          0.5196278868993124,
          0.5182527822600471,
          0.5168568961673313,
          0.5155321056683858,
          0.5145278064197965,
          0.5138933748881022,
          0.5129829400168525,
          0.512156868341234,
          0.5113271411154006,
          0.5107206576665243,
          0.5101992435773214,
          0.5097646002663506,
          0.5092392100652059,
          0.5087413242869907,
          0.5083609620836046,
          0.5080742832395766,
          0.5077389506869846,
          0.5075182643890381,
          0.5072741866217719,
          0.5070093136787415,
          0.506862862502204,
          0.5067370910432604,
          0.5065413095686171,
          0.5064141169653998
        ],
        "val_loss": [
          0.8551855539109972,
          0.8097713764402601,
          0.7965904096815322,
          0.7853598315132989,
          0.7884022434658474,
          0.7868120376374986,
          0.7890710602018568,
          0.7826376939243741,
          0.7934537930594551,
          0.7812621686723498,
          0.7791645564397176,
          0.780336612563663,
          0.7725062135696411,
          0.770800698184967,
          0.7690598824607001,
          0.7649446435292562,
          0.7653484152052138,
          0.7656686561372545,
          0.7626791469150119,
          0.7618741839620802,
          0.7583939826117622,
          0.7564279771698845,
          0.7561858249452379,
          0.7597583430396186,
          0.7506173195838928,
          0.7526200091256036,
          0.751157982911004,
          0.7507166691992018,
          0.7506025979148017,
          0.7512510592566596,
          0.748280029741923,
          0.7483850539207458,
          0.7473950940873888,
          0.7484251553853353,
          0.7470278082529703,
          0.746704332669576,
          0.7464255984836154,
          0.7469425608740913,
          0.7452634748246935,
          0.7471058966742622,
          0.7455751554277208,
          0.7458740213606093,
          0.7468483296500312,
          0.7457347253799439
        ],
        "val_acc": [
          0.8547222222222223,
          0.8761888888888889,
          0.8815666666666667,
          0.8867,
          0.8867888888888888,
          0.8880888888888889,
          0.8873888888888889,
          0.8915777777777778,
          0.8879444444444444,
          0.8918111111111111,
          0.8925666666666666,
          0.8917444444444445,
          0.8944111111111112,
          0.8945777777777778,
          0.8949111111111111,
          0.8949888888888888,
          0.8954333333333333,
          0.8950555555555556,
          0.8961222222222223,
          0.8952333333333333,
          0.8974777777777778,
          0.8976555555555555,
          0.8974444444444445,
          0.8961222222222223,
          0.8995666666666666,
          0.8988888888888888,
          0.8990888888888889,
          0.8986222222222222,
          0.8994222222222222,
          0.8983444444444444,
          0.8998333333333334,
          0.8999111111111111,
          0.9000444444444444,
          0.9,
          0.8996777777777778,
          0.9004333333333333,
          0.9003555555555556,
          0.9006333333333333,
          0.9008777777777778,
          0.9001,
          0.9006333333333333,
          0.9008333333333334,
          0.9005555555555556,
          0.9009444444444444
        ]
      },
      "val": {
        "precision": [
          0.9474740715947948,
          0.8915986128192285,
          0.9125208681125069,
          0.8636466080675415,
          0.8682647899704549,
          0.84639175257635,
          0.9537718238706996,
          0.929842228934844,
          0.9175291073728788,
          0.8751512484865523
        ],
        "recall": [
          0.943999999998951,
          0.8855555555545715,
          0.9109999999989877,
          0.8515555555546093,
          0.8773333333323584,
          0.8209999999990877,
          0.9651111111100387,
          0.9233333333323073,
          0.9456666666656158,
          0.8839999999990177
        ],
        "f1": [
          0.9457338403821667,
          0.8885668047431999,
          0.911759794832184,
          0.8575584598085091,
          0.872775500691665,
          0.8335025330712852,
          0.9594079587700323,
          0.9265763455593229,
          0.9313854185063587,
          0.8795533640777015
        ],
        "accuracy": 0.9008555555555555,
        "macro_precision": 0.9006191111805851,
        "macro_recall": 0.9008555555545545,
        "macro_f1": 0.9006820020442424
      },
      "test": {
        "precision": [
          0.9450144992182187,
          0.8898712926682821,
          0.9093933680815022,
          0.8596938775500668,
          0.8706270627053128,
          0.8499827566377169,
          0.9550636413935195,
          0.9294144093504221,
          0.9188191881908846,
          0.8717555579883125
        ],
        "recall": [
          0.9414444444433984,
          0.8834444444434627,
          0.9111111111100987,
          0.8612222222212652,
          0.8793333333323562,
          0.8215555555546427,
          0.9587777777767124,
          0.9187777777767568,
          0.9406666666656214,
          0.8844444444434616
        ],
        "f1": [
          0.9432260887315739,
          0.8866462174691077,
          0.9102514242047441,
          0.860457366224626,
          0.8749585356293387,
          0.835527425928803,
          0.9569171006269033,
          0.9240654808347478,
          0.929614577189194,
          0.8780541563803524
        ],
        "accuracy": 0.9000777777777778,
        "macro_precision": 0.8999635653784237,
        "macro_recall": 0.9000777777767774,
        "macro_f1": 0.8999718373219391
      }
    },
    {
      "logs": {
        "train_loss": [
          1.0012499979866876,
          0.8139119455549452,
          0.7506648724661933,
          0.7057919941160414,
          0.6680173498789469,
          0.6379785622066921,
          0.613136453543769,
          0.5945824514918857,
          0.5798239655070835
        ],
        "val_loss": [
          0.8622439531008402,
          0.8236446447266472,
          0.7978784511566163,
          0.7837571770773993,
          0.7935132348802355,
          0.7879299103418986,
          0.7860271489037408,
          0.7842215426339043,
          0.7893122687339783
        ],
        "val_acc": [
          0.8519777777777777,
          0.8688888888888889,
          0.8813666666666666,
          0.888,
          0.8846333333333334,
          0.8883222222222222,
          0.8897444444444444,
          0.8907333333333334,
          0.8888111111111111
        ]
      },
      "val": {
        "precision": [
          0.9175989672967753,
          0.8753849538045805,
          0.9055180180169982,
          0.8436624453649627,
          0.8531291317751728,
          0.8294761082316298,
          0.9358502812625098,
          0.8987520347250149,
          0.9294302730633448,
          0.8879171461439724
        ],