{
  "config": {
    "model": "resnet18",
    "batch_size": 64,
    "lr": 0.00017518182628534668,
    "weight_decay": 0.00010504818312117078,
    "dropout": 0.3
  },
  "runs": [
    {
      "logs": {
        "train_loss": [
          0.9955622161229452,
          0.8384646769205729,
          0.771882040225135,
          0.721981923007965,
          0.6828261634614733,
          0.6499062374326918,
          0.6266891485744053,
          0.6070369408395555,
          0.5932512750095791,
          0.578769000615014,
          0.5693999680519104,
          0.5615519212086996,
          0.5553319476551479
        ],
        "val_loss": [
          0.8639845818837484,
          0.8273210054397583,
          0.8199799796634251,
          0.8184534187528822,
          0.8097518805821736,
          0.7981590601073371,
          0.8048731398370531,
          0.7937872272597419,
          0.8033610540390015,
          0.8097899196412828,
          0.8020988266203138,
          0.8008907868703207,
          0.8035489588843452
        ],
        "val_acc": [
          0.8461555555555555,
          0.8619555555555556,
          0.8651222222222222,
          0.8643222222222222,
          0.8722888888888889,
          0.8770333333333333,
          0.8745111111111111,
          0.8791555555555556,
          0.8769222222222223,
          0.876,
          0.8820777777777777,
          0.8803666666666666,
          0.8791888888888889
        ]
      },
      "val": {
        "precision": [
          0.9453062162461848,
          0.8524904214550313,
          0.8935476618694991,
          0.8355366345498144,
          0.834614968048484,
          0.792097732774827,
          0.9496995326052194,
          0.8991503917015345,
          0.9171472936990714,
          0.8768257619311364
        ],
        "recall": [
          0.9141111111100954,
          0.889999999999011,
          0.8832222222212408,
          0.8286666666657458,
          0.8562222222212708,
          0.7996666666657781,
          0.9482222222211686,
          0.9054444444434383,
          0.9187777777767568,
          0.8471111111101698
        ],
        "f1": [
          0.9294469813868454,
          0.8708414822812135,
          0.8883549346504948,
          0.8320874657120878,
          0.8452805302930391,
          0.7958641993561942,
          0.9489602974564147,
          0.9022864368968638,
          0.9179618067218978,
          0.8617123431214497
        ],
        "accuracy": 0.8791444444444444,
        "macro_precision": 0.8796416614880803,
        "macro_recall": 0.8791444444434676,
        "macro_f1": 0.87927964778765
      },
      "test": {
        "precision": [
          0.9452419541549603,
          0.847536972017398,
          0.8920524604854925,
          0.8285462748972944,
          0.8381408512018742,
          0.8029091716624439,
          0.9489634970696834,
          0.8965631196288867,
          0.9086818131918464,
          0.8737495688158287
        ],
        "recall": [
          0.9072222222212141,
          0.8851111111101275,
          0.8842222222212397,
          0.836555555554626,
          0.8555555555546048,
          0.8034444444435517,
          0.9358888888878489,
          0.9043333333323285,
          0.9198888888878667,
          0.8443333333323951
        ],
        "f1": [
          0.9258419271929147,
          0.8659166209049918,
          0.8881200775837831,
          0.832531647567338,
          0.8467586687775707,
          0.8031767138705957,
          0.9423808408259932,
          0.9004314586565813,
          0.9142510026740719,
          0.8587896203607257
        ],
        "accuracy": 0.8776555555555555,
        "macro_precision": 0.8782385683125709,
        "macro_recall": 0.8776555555545803,
        "macro_f1": 0.8778198578414566
      }
    },
    {
      "logs": {
        "train_loss": [
          0.9960610118018256,
          0.8397135406494141,
          0.7699492696550158,
          0.7210702190505134,
          0.6822553935792711,
          0.6520782966401842,
          0.6262374517758688,
          0.6085934040281508,
          0.5926287735833062,
          0.5801927537176345
        ],
        "val_loss": [
          0.8813742271211412,
          0.8362245115068224,
          0.8452609594768948,
          0.8126387172698974,
          0.7892970481236776,
          0.7955021335601806,
          0.7978071441332499,
          0.8051151867336697,
          0.8144135059462654,
          0.8033735878414577
        ],
        "val_acc": [
          0.8383888888888889,
          0.8566111111111111,
          0.8526111111111111,
          0.8689222222222223,
          0.8778777777777778,
          0.8782888888888889,
          0.8771444444444444,
          0.8768333333333334,
          0.8765666666666667,
          0.8787888888888888
        ]
      },
      "val": {
        "precision": [
          0.942805058675011,
          0.892100414554477,
          0.8473242935505151,
          0.8663095093134465,
          0.8709526044100527,
          0.7609228256423428,
          0.9487006412409171,
          0.8801955990210691,
          0.9143076585462866,
          0.8692781197528043
        ],
        "recall": [
          0.9194444444434228,
          0.8607777777768213,
          0.9095555555545448,
          0.790555555554677,
          0.8248888888879723,
          0.8282222222213019,
          0.9369999999989588,
          0.9199999999989777,
          0.92588888888786,
          0.862999999999041
        ],
        "f1": [
          0.9309782252973149,
          0.8761592349915579,
          0.8773377582548909,
          0.8267007444430593,
          0.8472951330990471,
          0.7931474731949717,
          0.9428140147878354,
          0.8996577339051449,
          0.9200618256274256,
          0.8661276782999082
        ],
        "accuracy": 0.8779333333333333,
        "macro_precision": 0.8792896724706922,
        "macro_recall": 0.8779333333323578,
        "macro_f1": 0.8780279821901156
      },
      "test": {
        "precision": [
          0.941022429692655,
          0.8865207373261675,
          0.8419061253698313,
          0.8624504027884303,
          0.869478617456509,
          0.7619635690019945,
          0.9468230471408029,
          0.8845538855123285,
          0.9147595356540467,
          0.8632668967811342
        ],
        "recall": [
          0.9183333333323129,
          0.85499999999905,
          0.9147777777767613,
          0.7969999999991144,
          0.8245555555546393,
          0.8226666666657525,
          0.9238888888878622,
          0.9219999999989755,
          0.9193333333323118,
          0.8614444444434872
        ],
        "f1": [
          0.9295394427869116,
          0.8704751081228252,
          0.8768304971643345,
          0.8284344813497212,
          0.8464214378311792,
          0.7911524232802538,
          0.9352153813454424,
          0.9028888476207186,
          0.9170407265035867,
          0.8623547027461127
        ],
        "accuracy": 0.8759,
        "macro_precision": 0.8772745246723901,
        "macro_recall": 0.8758999999990268,
        "macro_f1": 0.8760353048751085
      }
    },
    {
      "logs": {
        "train_loss": [
          1.0001101345486112,
          0.8400548115412394,
          0.7731249996715122,
          0.7234192323472765,
          0.6835357195218404,
          0.6517497651947869,
          0.6268569645563762,
          0.606540260802375,
          0.5927455935478211,
          0.5798041291130913,
          0.5718772116555108,
          0.5617164325078329,
          0.5552292040718926
        ],