{
  "config": {
    "model": "resnet18",
    "batch_size": 64,
    "lr": 0.00014394794478391076,
    "weight_decay": 2.1386544444480444e-05,
    "dropout": 0.1
  },
  "runs": [
    {
      "logs": {
        "train_loss": [
          0.9653090319315593,
          0.8164110727945963,
          0.7518197133382162,
          0.7020766087214152,
          0.6622895574145847,
          0.6316324579662747,
          0.6108135930803087,
          0.5935238268110488,
          0.5795354763031005,
          0.5678627798822191,
          0.5598081377771166,
          0.5515965630849202,
          0.5461625712182787,
          0.5415937677383423,
          0.5374561350716485,
          0.5329567421913147,
          0.5281713543574015,
          0.5255194811079237,
          0.5233413047154745,
          0.5217130277633667
        ],
        "val_loss": [
          0.8605545606189304,
          0.8122671563042535,
          0.8111056285858155,
          0.799236794175042,
          0.7991600500848558,
          0.7973430960549248,
          0.8069491171730889,
          0.7942243261549208,
          0.7937974279615614,
          0.8074772405306498,
          0.7973765712102254,
          0.7976039083056979,
          0.803004149670071,
          0.7891939870410495,
          0.7817533909903632,
          0.7943449227862888,
          0.7848685235765245,
          0.7867629964828491,
          0.7907395228279962,
          0.7835473440170289
        ],
        "val_acc": [
          0.8480555555555556,
          0.8696444444444444,
          0.8701,
          0.8737,
          0.8774555555555555,
          0.878,
          0.8757222222222222,
          0.8817,
          0.8838222222222222,
          0.8770777777777777,
          0.8831222222222223,
          0.8825,
          0.8813111111111112,
          0.8854222222222222,
          0.8875111111111111,
          0.8843555555555556,
          0.8874888888888889,
          0.8871111111111111,
          0.8858555555555555,
          0.8886222222222222
        ]
      },
      "val": {
        "precision": [
          0.9343138339036444,
          0.8733377659564789,
          0.9007856341179564,
          0.845591542959013,
          0.8614592658898148,
          0.8058188950628682,
          0.9466180371342322,
          0.9253055681293284,
          0.9123284687421995,
          0.8701966041098411
        ],
        "recall": [
          0.9387777777767347,
          0.8756666666656936,
          0.8917777777767868,
          0.8354444444435161,
          0.8553333333323829,
          0.8216666666657536,
          0.9516666666656092,
          0.908444444443435,
          0.9307777777767435,
          0.8655555555545937
        ],
        "f1": [
          0.9365404816142981,
          0.8745006607779998,
          0.8962590681426207,
          0.8404873636556254,
          0.8583853652042805,
          0.8136656163892471,
          0.9491356332968559,
          0.9167974832254542,
          0.9214607803916335,
          0.8678698702218853
        ],
        "accuracy": 0.8875111111111111,
        "macro_precision": 0.8875755616005376,
        "macro_recall": 0.8875111111101248,
        "macro_f1": 0.8875102322919901
      },
      "test": {
        "precision": [
          0.9307760141083213,
          0.8696852567632581,
          0.9028809363032827,
          0.8413846838815211,
          0.864773495604164,
          0.8048568006089459,
          0.9498052309393992,
          0.9274558623801182,
          0.9070171627189799,
          0.8702769368753556
        ],
        "recall": [
          0.9382222222211797,
          0.8749999999990277,
          0.8914444444434538,
          0.8398888888879557,
          0.8526666666657192,
          0.8212222222213097,
          0.9482222222211686,
          0.9105555555545437,
          0.9277777777767469,
          0.8624444444434861
        ],
        "f1": [
          0.9344842800809398,
          0.8723345283693376,
          0.8971262389889125,
          0.8406361159955104,
          0.8586774035256388,
          0.8129571527843562,
          0.9490130614432073,
          0.9189280057641377,
          0.9172800125762556,
          0.8663429828890844
        ],
        "accuracy": 0.8867444444444444,
        "macro_precision": 0.8868912380183346,
        "macro_recall": 0.8867444444434591,
        "macro_f1": 0.8867779782417381
      }
    },
    {
      "logs": {
        "train_loss": [
          0.9668641160117255,
          0.8179889176792569,
          0.7505317391501533,
          0.701767966556549,
          0.6631382368087768,
          0.634586470497979,
          0.6112381720754836,
          0.5934906601164076,
          0.5801049261305067,
          0.5689349233839247,
          0.5603852905485365,
          0.5519241388532851,
          0.5464833976533677
        ],
        "val_loss": [
          0.870741204685635,
          0.832589398405287,
          0.8252517446729872,
          0.8197182145012749,
          0.7951115647633871,
          0.7963172000143263,
          0.7941722154829237,
          0.7900099018732707,
          0.8139330187691582,
          0.7988546391805013,
          0.7972292958365547,
          0.8090664337158203,
          0.7935091643015544
        ],
        "val_acc": [
          0.8443555555555555,
          0.8599111111111111,
          0.8623555555555555,
          0.8679444444444444,
          0.8763888888888889,
          0.8799333333333333,
          0.8813444444444445,
          0.8818,
          0.8760666666666667,
          0.8821888888888889,
          0.8822222222222222,
          0.8782222222222222,
          0.8838444444444444
        ]
      },
      "val": {
        "precision": [
          0.9151014274971394,
          0.884289107566017,
          0.8935740719963063,
          0.7991909552942649,
          0.8824857414438183,
          0.7832993452819755,
          0.9562556663633768,
          0.9073746963999697,
          0.9215100188188624,
          0.8849004168586325
        ],
        "recall": [
          0.9473333333322806,
          0.8686666666657014,
          0.8853333333323495,
          0.8561111111101598,
          0.8252222222213053,
          0.8108888888879878,
          0.9375555555545138,
          0.9132222222212074,
          0.9248888888878611,
          0.8491111111101676
        ],
        "f1": [
          0.9309384674577612,
          0.8764082680782779,
          0.8894346101690649,
          0.8266723838253675,
          0.8528938856798838,
          0.7968553752484846,
          0.9468132804572347,
          0.9102890635559157,
          0.9231963572238028,
          0.8666364204944563
        ],
        "accuracy": 0.8818333333333334,
        "macro_precision": 0.8827981447520363,
        "macro_recall": 0.8818333333323535,
        "macro_f1": 0.8820138112190248
      },
      "test": {
        "precision": [
          0.9128808123988104,
          0.8788186224767457,
          0.8916107382540361,
          0.7942017149848977,
          0.8865206001418354,
          0.7850285837549508,
          0.9562485720802418,
          0.913367437721404,
          0.9207677714530512,
          0.8809743708140371
        ],
        "recall": [
          0.9488888888878345,
          0.8662222222212597,
          0.8856666666656825,
          0.8644444444434839,
          0.827222222221303,
          0.808666666665768,
          0.9301111111100776,
          0.9125555555545415,
          0.9167777777767591,
          0.8478888888879467
        ],
        "f1": [
          0.9305366335189712,
          0.8724749544307654,
          0.8886287575408712,
          0.8278357047335599,
          0.8558454944877016,
          0.7966723172595459,
          0.9429987558425246,
          0.912961311139493,
          0.9187684377360419,
          0.8641150442591473
        ],
        "accuracy": 0.8808444444444444,
        "macro_precision": 0.882041922408001,