{
  "config": {
    "model": "resnet18",
    "batch_size": 64,
    "lr": 4.5051382333023774e-05,
    "weight_decay": 2.9928702642592332e-05,
    "dropout": 0.1
  },
  "runs": [
    {
      "logs": {
        "train_loss": [
          0.9834188687642416,
          0.8129469912423027,
          0.7487472653494941,
          0.7016834081437853,
          0.6634984660254585,
          0.6314177616119385,
          0.6095316530333625,
          0.5916243217680189,
          0.5769033579720391,
          0.5656860199186537,
          0.556084533712599,
          0.5495480879041884,
          0.5436877847777473,
          0.5390597945319282,
          0.5346441885842217,
          0.5310170347849528,
          0.5278020022498237,
          0.524976566251119,
          0.5226738594267103,
          0.5211765400568644,
          0.5191347702768114,
          0.5176323915481568,
          0.516260137769911,
          0.5148892681757609,
          0.513745363299052,
          0.5130835075484382,
          0.5119984935230679
        ],
        "val_loss": [
          0.845955956946479,
          0.79662616964976,
          0.7930775762452019,
          0.7808919768545363,
          0.7839763508902655,
          0.7802273757298788,
          0.7823551275571188,
          0.7768682369338141,
          0.7846511512650384,
          0.7797281753116184,
          0.7732857360627916,
          0.7679661160786947,
          0.7656873570548164,
          0.7690107872115242,
          0.763718274890052,
          0.7623822957992553,
          0.7643352456198799,
          0.758911200120714,
          0.7582098657184178,
          0.7585122618781196,
          0.7582144532097711,
          0.7504864584604899,
          0.7547321223364936,
          0.7551733298619588,
          0.7521901769214207,
          0.7534226517147488,
          0.7509141089969211
        ],
        "val_acc": [
          0.8595,
          0.8803555555555556,
          0.8829444444444444,
          0.8883666666666666,
          0.8889888888888889,
          0.8908222222222222,
          0.8892,
          0.8909333333333334,
          0.8882333333333333,
          0.8898,
          0.8947777777777778,
          0.8936444444444445,
          0.8950444444444444,
          0.8933666666666666,
          0.8945111111111111,
          0.8942111111111111,
          0.8944888888888889,
          0.8965777777777778,
          0.8960444444444444,
          0.8965555555555556,
          0.8965111111111111,
          0.8986444444444445,
          0.8968,
          0.8975111111111111,
          0.8978,
          0.8974111111111112,
          0.8985555555555556
        ]
      },
      "val": {
        "precision": [
          0.9382269036636621,
          0.8981123493280666,
          0.9232446076171141,
          0.8556357579113207,
          0.8622231918829908,
          0.8574620722087998,
          0.9373657069177724,
          0.914573966442686,
          0.9263042284448914,
          0.8710873595802474
        ],
        "recall": [
          0.9501111111100553,
          0.8775555555545804,
          0.8941111111101175,
          0.8561111111101598,
          0.8782222222212464,
          0.810111111110211,
          0.9694444444433672,
          0.9266666666656369,
          0.9371111111100698,
          0.8874444444434583
        ],
        "f1": [
          0.944131605907845,
          0.8877149550985821,
          0.908444339095992,
          0.8558733635077973,
          0.870149166574298,
          0.8331143182619494,
          0.9531352364248877,
          0.9205806009929077,
          0.9316763275039719,
          0.8791898238287894
        ],
        "accuracy": 0.8986888888888889,
        "macro_precision": 0.898423614399755,
        "macro_recall": 0.8986888888878903,
        "macro_f1": 0.8984009737197021
      },
      "test": {
        "precision": [
          0.9394507554858944,
          0.8908905506448097,
          0.9192263936280781,
          0.8517745302704628,
          0.8676615823539254,
          0.8549484052522807,
          0.9396336837531812,
          0.9155779997794317,
          0.9257338335897972,
          0.8668410155814897
        ],
        "recall": [
          0.9464444444433927,
          0.8736666666656958,
          0.8977777777767801,
          0.8613333333323763,
          0.8785555555545793,
          0.810111111110211,
          0.9633333333322629,
          0.9266666666656369,
          0.9321111111100754,
          0.8838888888879067
        ],
        "f1": [
          0.9429346272013829,
          0.8821945422899611,
          0.908375486849029,
          0.8565272586862984,
          0.8730745823122102,
          0.8319260561619644,
          0.9513359252131514,
          0.9210889562891302,
          0.9289115219617144,
          0.8752819447161859
        ],
        "accuracy": 0.8973888888888889,
        "macro_precision": 0.897173875033935,
        "macro_recall": 0.8973888888878916,
        "macro_f1": 0.8971650901681028
      }
    },
    {
      "logs": {
        "train_loss": [
          0.9851784884982638,
          0.8140147165616354,
          0.7476318046781751,
          0.7016078465143839,
          0.6627002796702914,
          0.6331042794333563,
          0.6106677858140733,
          0.5920401541603936,
          0.5772639451662699,
          0.564748747783237,
          0.5568949599160088,
          0.5500801541010538,
          0.5442269808451334,
          0.5391781058947245,
          0.535232236650255,
          0.531246550157335,
          0.5279881056467692,
          0.525323034424252,
          0.5236218167304992,
          0.5211121033668518,
          0.5194111457188925,
          0.5177343466334873,
          0.5162701239267985,
          0.5151259735213386,
          0.5141981703016493,
          0.5128335224999322,
          0.5120887951109144,
          0.5114662451532151,
          0.5106090139495002,
          0.5098890734036764,
          0.5096526177830166,
          0.5088561694675021,
          0.5084631455951267,
          0.5079765108320448
        ],
        "val_loss": [
          0.8436205641852484,
          0.8106572049352858,
          0.795963696606954,
          0.786254172261556,
          0.782009180132548,
          0.7777036194059583,
          0.7857532815085517,
          0.7794077288733589,
          0.7844804565853543,
          0.7800234557257758,
          0.7755526167127821,
          0.7658923934512668,
          0.7696665586047703,
          0.7646620382626852,
          0.7641113003836738,
          0.7600332043965657,
          0.7585325079494053,
          0.760819610510932,
          0.758229214890798,
          0.7571445276154413,
          0.7553773017247518,
          0.7553847110112508,
          0.7548206509484185,
          0.7537645846472846,
          0.751772758187188,
          0.7535616929372152,
          0.7501688359366523,
          0.7514113834804959,
          0.748140279727512,
          0.7489643416616651,
          0.7500453786638048,
          0.7507051417032877,
          0.7494866268263923,
          0.749321916241116
        ],