{
  "config": {
    "model": "resnet18",
    "batch_size": 64,
    "lr": 0.0004173540675561382,
    "weight_decay": 0.00014777260680248752,
    "dropout": 0.1
  },
  "runs": [
    {
      "logs": {
        "train_loss": [
          1.0554454229566785,
          0.9053048622555203,
          0.8362664322959052,
          0.7848545448091295,
          0.7412310465918647,
          0.7036495842827691,
          0.6733971671422323,
          0.6469740169737074,
          0.6266752612537808,
          0.6074017941580878,
          0.5915858449088203
        ],
        "val_loss": [
          0.9675950330522325,
          0.9266946006562975,
          0.8860797407997979,
          0.868382823922899,
          0.8479860214233399,
          0.8306038821750217,
          0.8482539588504368,
          0.8423223818037245,
          0.8377154706319173,
          0.8363950220743815,
          0.8387987346861098
        ],
        "val_acc": [
          0.7943777777777777,
          0.8147666666666666,
          0.8339222222222222,
          0.8412,
          0.8519888888888889,
          0.8610444444444444,
          0.8559222222222223,
          0.8600111111111111,
          0.8625333333333334,
          0.8627888888888889,
          0.8653777777777778
        ]
      },
      "val": {
        "precision": [
          0.8934791843660859,
          0.8657433262583873,
          0.883009317840926,
          0.8635888046025849,
          0.8617227195731166,
          0.7151068109965368,
          0.8875473242598101,
          0.8849983586816007,
          0.9191746466017793,
          0.8585869931474125
        ],
        "recall": [
          0.9347777777767391,
          0.8612222222212652,
          0.8528888888879411,
          0.7336666666658515,
          0.791444444443565,
          0.8294444444435227,
          0.9637777777767068,
          0.8986666666656681,
          0.8958888888878934,
          0.8493333333323896
        ],
        "f1": [
          0.9136620280163288,
          0.8634768512347988,
          0.8676877811306325,
          0.7933437412774728,
          0.8250897668139415,
          0.7680436186698009,
          0.9240931074562224,
          0.8917801372342736,
          0.9073823942795677,
          0.8539350896760627
        ],
        "accuracy": 0.8611111111111112,
        "macro_precision": 0.8632957486328241,
        "macro_recall": 0.8611111111101541,
        "macro_f1": 0.86084945157891
      },
      "test": {
        "precision": [
          0.8917048237664873,
          0.8568734050805981,
          0.8729996595155226,
          0.8682658277613472,
          0.8625163670981281,
          0.7159678345771434,
          0.890477670706776,
          0.8963151488315853,
          0.9120365088409446,
          0.8569331526638923
        ],
        "recall": [
          0.9304444444434106,
          0.8581111111101576,
          0.854666666665717,
          0.7359999999991822,
          0.8051111111102165,
          0.8309999999990766,
          0.9548888888878279,
          0.8999999999989999,
          0.8882222222212353,
          0.8432222222212852
        ],
        "f1": [
          0.9106628192087625,
          0.8574918064685446,
          0.8637358885485237,
          0.7966804929583401,
          0.8328256946774002,
          0.7692070298926379,
          0.9215591607334825,
          0.8981537899760169,
          0.8999718497704781,
          0.8500223964330649
        ],
        "accuracy": 0.8601666666666666,
        "macro_precision": 0.8624090398842424,
        "macro_recall": 0.8601666666657108,
        "macro_f1": 0.860031092866725
      }
    },
    {
      "logs": {
        "train_loss": [
          1.0539647181193035,
          0.9057963164223565,
          0.8360090167151557,
          0.7864324055989583,
          0.7423736580954657,
          0.7060749261220296,
          0.6745410374747383,
          0.6488276736895243,
          0.6251288857989841,
          0.6075632399029202,
          0.5936279020521376,
          0.5808874864790174,
          0.5721260674476624
        ],
        "val_loss": [
          0.9534048427581787,
          0.8887613815519545,
          0.9149410948435466,
          0.8562670876608954,
          0.8582563622156779,
          0.8525825620015463,
          0.8402363301701016,
          0.8398238091892666,
          0.8693489189571805,
          0.8511644981172349,
          0.8399222114562989,
          0.8430341791152954,
          0.8731901036368476
        ],
        "val_acc": [
          0.8051777777777778,
          0.8308444444444445,
          0.8198333333333333,
          0.8469666666666666,
          0.8471666666666666,
          0.8510222222222222,
          0.8590333333333333,
          0.8604555555555555,
          0.8526,
          0.8595888888888888,
          0.8639888888888889,
          0.8639333333333333,
          0.8562444444444445
        ]
      },
      "val": {
        "precision": [
          0.932472577695461,
          0.8343201412684799,
          0.9177207263607793,
          0.8199014100644045,
          0.7931249350910861,
          0.7357907742990776,
          0.9331547818313434,
          0.8711323763946079,
          0.9091823056290111,
          0.8829658347457197
        ],
        "recall": [
          0.9067777777767702,
          0.8924444444434527,
          0.8142222222213175,
          0.7946666666657837,
          0.8485555555546126,
          0.7939999999991177,
          0.9291111111100787,
          0.9103333333323218,
          0.9043333333323285,
          0.809777777776878
        ],
        "f1": [
          0.9194456912595164,
          0.8624040321551124,
          0.8628790059088028,
          0.8070868313147044,
          0.8199044450558157,
          0.7637879385720491,
          0.9311285513154502,
          0.8903015434937112,
          0.9067513318974212,
          0.8447896090109178
        ],
        "accuracy": 0.8604222222222222,
        "macro_precision": 0.8629765863379971,
        "macro_recall": 0.8604222222212661,
        "macro_f1": 0.8608478979983503
      },
      "test": {
        "precision": [
          0.9299561504720402,
          0.8356164383552905,
          0.9038271604927114,
          0.8171246152082805,
          0.7903074517969876,
          0.7338569825556116,
          0.9359918432072776,
          0.8736122971809632,
          0.9056119602801453,
          0.8752396931916643
        ],
        "recall": [
          0.8954444444434494,
          0.8878888888879023,
          0.8134444444435406,
          0.7963333333324485,
          0.8425555555546194,
          0.7993333333324452,
          0.91799999999898,
          0.9093333333323229,
          0.9018888888878868,
          0.8114444444435428
        ],
        "f1": [
          0.9123740468517676,
          0.8609599691457823,
          0.8562573049543695,
          0.8065950093491432,
          0.8155955852166648,
          0.7651970380333543,
          0.926908616752951,
          0.8911149775794338,
          0.9037465852122311,
          0.8421356038622703
        ],
        "accuracy": 0.8575666666666667,
        "macro_precision": 0.8601144592740972,
        "macro_recall": 0.8575666666657137,
        "macro_f1": 0.8580884736957965
      }
    },
    {
      "logs": {
        "train_loss": [
          1.056505818578932,
          0.9066675069597032,
          0.8376744966189067,
          0.7867494519551596,
          0.742673302438524,
          0.7058955074522231,
          0.6743804483837551,
          0.6483089187410143,
          0.6259904027514988,
          0.6096360248565674,
          0.5926554139879014,
          0.5817877901395162,
          0.5710351131757101
        ],