{
  "config": {
    "model": "resnet18",
    "batch_size": 128,
    "lr": 0.00031111583243982453,
    "weight_decay": 0.00011485141748869469,
    "dropout": 0.1
  },
  "runs": [
    {
      "logs": {
        "train_loss": [
          0.9798101812998454,
          0.8334338630252415,
          0.7708857572343615,
          0.7204401082674662,
          0.6814997180302937,
          0.6519263708856371,
          0.6253900787565443,
          0.604284722190433,
          0.5899437388632033,
          0.5757923483000861,
          0.5642319637934367
        ],
        "val_loss": [
          0.9350419224421184,
          0.8440276060422262,
          0.8267234357410007,
          0.8252402856720819,
          0.843129968240526,
          0.8046922036064995,
          0.8219062140570746,
          0.8069277845806546,
          0.8356283333884346,
          0.8297737028333876,
          0.8197238078435262
        ],
        "val_acc": [
          0.8081555555555555,
          0.8513888888888889,
          0.8614555555555555,
          0.8608444444444444,
          0.8568888888888889,
          0.8720555555555556,
          0.8667333333333334,
          0.8736666666666667,
          0.8634888888888889,
          0.8688111111111111,
          0.8735111111111111
        ]
      },
      "val": {
        "precision": [
          0.9228317027581369,
          0.8345810686074919,
          0.8687337942946534,
          0.7765227914473815,
          0.8965948923373853,
          0.8155271490549835,
          0.9562608193872403,
          0.8717329694543174,
          0.9030678851165109,
          0.8917213216175081
        ],
        "recall": [
          0.9327777777767413,
          0.9042222222212174,
          0.8934444444434516,
          0.8555555555546048,
          0.7957777777768935,
          0.7726666666658081,
          0.9206666666656437,
          0.9227777777767524,
          0.9223333333323085,
          0.800666666665777
        ],
        "f1": [
          0.9277780797645491,
          0.868007034631648,
          0.8809158582778446,
          0.814125602961805,
          0.8431834186098756,
          0.7935185663498004,
          0.9381262333251063,
          0.8965293845426686,
          0.9125989395905827,
          0.8437445064589514
        ],
        "accuracy": 0.8720888888888889,
        "macro_precision": 0.8737574394075608,
        "macro_recall": 0.8720888888879198,
        "macro_f1": 0.8718527624512833
      },
      "test": {
        "precision": [
          0.9184323196828208,
          0.830508474575418,
          0.8651539708256454,
          0.7747158805181789,
          0.887201195218019,
          0.8151171043283473,
          0.9514877851094691,
          0.8700865394631736,
          0.9025057446100202,
          0.8862430598385117
        ],
        "recall": [
          0.9295555555545226,
          0.8983333333323351,
          0.8896666666656781,
          0.8558888888879378,
          0.791777777776898,
          0.7656666666658158,
          0.9131111111100965,
          0.9272222222211919,
          0.9164444444434261,
          0.7981111111102243
        ],
        "f1": [
          0.9239604566480646,
          0.8630904673846764,
          0.8772391075719127,
          0.8132819461280396,
          0.8367778249822888,
          0.7896184205797874,
          0.9319045139101727,
          0.8977462162939586,
          0.9094216830747085,
          0.8398713776493629
        ],
        "accuracy": 0.8685777777777778,
        "macro_precision": 0.8701452074169606,
        "macro_recall": 0.8685777777768126,
        "macro_f1": 0.8682912014222971
      }
    },
    {
      "logs": {
        "train_loss": [
          0.9782076647016738,
          0.8358465325143603,
          0.7699679260889689,
          0.7218223805639479,
          0.6840752482520209,
          0.6539628935601977,
          0.6264624829610189,
          0.6054526691436768,
          0.5898505830764771,
          0.5768755385504829,
          0.5676039748615689
        ],
        "val_loss": [
          0.9072818689134385,
          0.9171510066668193,
          0.8743373877737257,
          0.8335128914727105,
          0.8156454135894775,
          0.8003819683286879,
          0.8105325644810994,
          0.8383883098814222,
          0.8340682646963331,
          0.8276692397859361,
          0.8137023686938816
        ],
        "val_acc": [
          0.8245222222222223,
          0.8213222222222222,
          0.8397111111111111,
          0.8565,
          0.8673666666666666,
          0.8747444444444444,
          0.8732,
          0.8635,
          0.8681777777777778,
          0.8697333333333334,
          0.8748666666666667
        ]
      },
      "val": {
        "precision": [
          0.9008474576261642,
          0.8994239078241725,
          0.8845340162555566,
          0.8220537406613646,
          0.8620090371905201,
          0.8140943506105834,
          0.897851683535532,
          0.9048675019393447,
          0.9134348260907729,
          0.8444776757094162
        ],
        "recall": [
          0.944888888887839,
          0.8326666666657414,
          0.8826666666656858,
          0.8192222222213119,
          0.8266666666657481,
          0.7765555555546927,
          0.9658888888878155,
          0.9067777777767702,
          0.9133333333323185,
          0.8784444444434684
        ],
        "f1": [
          0.9223427281905665,
          0.8647588226085526,
          0.8835993498736125,
          0.820635533982907,
          0.8439680058911425,
          0.7948819967078802,
          0.9306284073812157,
          0.9058216277200168,
          0.9133840718921459,
          0.861126233972795
        ],
        "accuracy": 0.8747111111111111,
        "macro_precision": 0.8743594197443428,
        "macro_recall": 0.8747111111101391,
        "macro_f1": 0.8741146778220836
      },
      "test": {
        "precision": [
          0.9005536626906936,
          0.8960067559405284,
          0.8760993843438036,
          0.8205869275224315,
          0.8610306890551696,
          0.8089796860563145,
          0.9010519737517955,
          0.9083222073866173,
          0.917301658448098,
          0.8381306425907189
        ],
        "recall": [
          0.9397777777767335,
          0.8252222222213053,
          0.8854444444434605,
          0.8202222222213108,
          0.8261111111101931,
          0.7787777777769124,
          0.9612222222211542,
          0.9071111111101031,
          0.9095555555545448,
          0.8767777777768035
        ],
        "f1": [
          0.9197477113997052,
          0.8591589978416342,
          0.8807471214359488,
          0.820404529340053,
          0.8432095215109674,
          0.793591480508157,
          0.9301650398942792,
          0.9077162502802916,
          0.9134121797792537,
          0.8570187297287333
        ],
        "accuracy": 0.8730222222222223,
        "macro_precision": 0.872806358778617,
        "macro_recall": 0.8730222222212521,
        "macro_f1": 0.8725171561719023
      }
    },
    {
      "logs": {
        "train_loss": [
          0.982800003030565,
          0.8357758324729072,
          0.7707614634725782,
          0.7220920107099745,
          0.681110345670912,
          0.6503319776958889,
          0.6270928219265408,
          0.6050681202146742,
          0.588990447447035,
          0.5764204608175489,
          0.5651728777567545
        ],
        "val_loss": [
          0.9117411842770047,
          0.8508266020456949,
          0.8487394892162747,
          0.8236042805989583,
          0.8425573850631713,
          0.8073747776455349,
          0.824890485127767,
          0.8217616485913595,
          0.8183631787618001,
          0.817971401807997,
          0.8157013624191284
        ],