{
  "config": {
    "model": "resnet18",
    "batch_size": 64,
    "lr": 1.6524687186032442e-05,
    "weight_decay": 1.504291774505243e-05,
    "dropout": 0.3
  },
  "runs": [
    {
      "logs": {
        "train_loss": [
          1.1335776666005453,
          0.9062421851264106,
          0.8432781988991631,
          0.8018741690529717,
          0.7668949547449748,
          0.7377047509935167,
          0.7147421340942383,
          0.6922848983446757,
          0.6720451641082764,
          0.6553562949710422,
          0.639379467593299,
          0.6267375331772699,
          0.6140602060741849
        ],
        "val_loss": [
          0.8987093226962619,
          0.8461910222795275,
          0.8197326404677497,
          0.8032355909029643,
          0.7974674370871649,
          0.7898036292182075,
          0.786777559820811,
          0.7828969289885627,
          0.7852592547310723,
          0.7837275011062622,
          0.786918436410692,
          0.7864583490583632,
          0.7878635358174642
        ],
        "val_acc": [
          0.8371666666666666,
          0.8604777777777778,
          0.8728555555555556,
          0.8795777777777778,
          0.8826777777777778,
          0.8861888888888889,
          0.8880222222222223,
          0.8885444444444445,
          0.8885,
          0.8898888888888888,
          0.8898,
          0.8907888888888889,
          0.8908222222222222
        ]
      },
      "val": {
        "precision": [
          0.9239106871873791,
          0.8719930336335343,
          0.9160165213390132,
          0.8339895013114238,
          0.8658204895729081,
          0.8293330256163981,
          0.9362898864240818,
          0.9011265448967503,
          0.9202890616435778,
          0.8830885727387756
        ],
        "recall": [
          0.9471111111100586,
          0.890111111110122,
          0.8871111111101253,
          0.8473333333323918,
          0.8488888888879456,
          0.7985555555546682,
          0.961777777776709,
          0.9154444444434272,
          0.9338888888878512,
          0.8552222222212719
        ],
        "f1": [
          0.9353670530486834,
          0.8809589217054486,
          0.9013321241490594,
          0.840608460607854,
          0.8572710901521288,
          0.8136533404101267,
          0.9488626971100286,
          0.9082290640617577,
          0.927039094982702,
          0.8689320338352555
        ],
        "accuracy": 0.8885444444444445,
        "macro_precision": 0.8881857324363842,
        "macro_recall": 0.888544444443457,
        "macro_f1": 0.8882253880063045
      },
      "test": {
        "precision": [
          0.9256243213887886,
          0.8689081152109638,
          0.9137067395253714,
          0.8282860824733372,
          0.8676870748289481,
          0.8347462547894149,
          0.9393142731942826,
          0.9044746654958274,
          0.9170415889378721,
          0.8769949840391278
        ],
        "recall": [
          0.9472222222211697,
          0.881555555554576,
          0.8917777777767868,
          0.8569999999990477,
          0.8503333333323885,
          0.7986666666657792,
          0.952777777776719,
          0.9163333333323151,
          0.9285555555545237,
          0.854777777776828
        ],
        "f1": [
          0.9362987319573521,
          0.8751861402753421,
          0.9026090818193355,
          0.842398422261344,
          0.858922553922105,
          0.8163079843263662,
          0.9459981195510326,
          0.910365377491756,
          0.9227626516546165,
          0.8657438617565445
        ],
        "accuracy": 0.8879,
        "macro_precision": 0.8876784099883933,
        "macro_recall": 0.8878999999990134,
        "macro_f1": 0.8876592925015796
      }
    },
    {
      "logs": {
        "train_loss": [
          1.138684495777554,
          0.907776945177714,
          0.8430794748942058,
          0.8010434086269802,
          0.7663299470689562,
          0.738228247971005,
          0.7140633899900648,
          0.6934951901117961,
          0.6743054771105449,
          0.6552906851026747,
          0.6394961615244548,
          0.6266554095374214,
          0.6145365568584866,
          0.6032627511978149
        ],
        "val_loss": [
          0.9055249377992418,
          0.8466818725691901,
          0.8186753798272874,
          0.8042709017859565,
          0.7981861646440294,
          0.789795910580953,
          0.7866323626730177,
          0.7839009497536553,
          0.783759258111318,
          0.7879659936587016,
          0.787046511862013,
          0.7846414564768474,
          0.78810569513109,
          0.788977754995558
        ],
        "val_acc": [
          0.8339888888888889,
          0.8611666666666666,
          0.8726888888888888,
          0.8793777777777778,
          0.8830111111111111,
          0.8866888888888889,
          0.8877555555555555,
          0.8893,
          0.8899777777777778,
          0.8900111111111111,
          0.8915888888888889,
          0.8916444444444445,
          0.8907666666666667,
          0.8903
        ]
      },
      "val": {
        "precision": [
          0.9337821432502661,
          0.8749178532301479,
          0.8953283384741126,
          0.827268835615553,
          0.8452175786289904,
          0.8546223564944354,
          0.9417793283897276,
          0.9333719582839705,
          0.9138621361314642,
          0.8792534425846371
        ],
        "recall": [
          0.9401111111100665,
          0.8875555555545693,
          0.9028888888878855,
          0.8588888888879345,
          0.87188888888792,
          0.7857777777769046,
          0.9597777777767112,
          0.8949999999990055,
          0.9383333333322906,
          0.8584444444434906
        ],
        "f1": [
          0.9369359343157794,
          0.8811913904763948,
          0.8990927146273299,
          0.8427823761608918,
          0.8583460899466686,
          0.8187554219253697,
          0.9506933694215896,
          0.9137833188809161,
          0.925936073065753,
          0.8687243442435699
        ],
        "accuracy": 0.8898666666666667,
        "macro_precision": 0.8899403971083304,
        "macro_recall": 0.8898666666656778,
        "macro_f1": 0.8896241033064264
      },
      "test": {
        "precision": [
          0.9355088495564872,
          0.8761915318101571,
          0.8893873085329437,
          0.8240534521149389,
          0.8448869752412864,
          0.8514251061238914,
          0.9440590243354872,
          0.9343387470986839,
          0.9128697905410139,
          0.8739713673758607
        ],
        "recall": [
          0.9396666666656225,
          0.8783333333323573,
          0.9032222222212185,
          0.8633333333323739,
          0.8721111111101421,
          0.7799999999991333,
          0.9525555555544971,
          0.8948888888878945,
          0.9394444444434006,
          0.8614444444434872
        ],
        "f1": [
          0.9375831435577434,
          0.8772611202903444,
          0.8962513731691002,
          0.843236198811008,
          0.858283209871833,
          0.8141490237126117,
          0.9482882533918394,
          0.9141884172487339,
          0.9259664827888664,
          0.8676626887489398
        ],
        "accuracy": 0.8885,
        "macro_precision": 0.8886692152730751,
        "macro_recall": 0.8884999999990126,
        "macro_f1": 0.8882869911591019
      }
    },
    {
      "logs": {
        "train_loss": [
          1.144166016790602,
          0.9080416512277392,
          0.8433731224271986,
          0.8007232182396783,
          0.7659781561639574,
          0.7377790686607361,
          0.7144682918548584,
          0.6921104397667779,
          0.6726484507666693,
          0.6557689598507351,
          0.6394964064915974,
          0.6259417242262099,
          0.6143470804532369
        ],