{
  "config": {
    "model": "resnet18",
    "batch_size": 128,
    "lr": 1.5471192749279585e-05,
    "weight_decay": 1.1938953020040273e-05,
    "dropout": 0.1
  },
  "runs": [
    {
      "logs": {
        "train_loss": [
          1.1548486285739474,
          0.8995393532647027,
          0.8404031871583727,
          0.7998492770300971,
          0.7682953300476074,
          0.7446280480702718,
          0.7222611935297648,
          0.7022406744427151,
          0.6836729541354709,
          0.6686412522845798,
          0.6523676504558987,
          0.6408328644434611,
          0.627444049358368
        ],
        "val_loss": [
          0.9255864146762424,
          0.8628242406951057,
          0.8326303887049357,
          0.8153044316397773,
          0.8057497039371067,
          0.7988957178115845,
          0.7936467383384704,
          0.7909036226060655,
          0.7916264316029019,
          0.7928339039378696,
          0.7916023140801324,
          0.7921061619440715,
          0.7918862527211508
        ],
        "val_acc": [
          0.8245666666666667,
          0.8533666666666667,
          0.8665777777777778,
          0.8740888888888889,
          0.8778555555555555,
          0.8823111111111112,
          0.884,
          0.8854666666666666,
          0.8856111111111111,
          0.8856222222222222,
          0.8876111111111111,
          0.8872111111111111,
          0.8881222222222223
        ]
      },
      "val": {
        "precision": [
          0.9315265486715358,
          0.876988099209346,
          0.9143709825517511,
          0.8148265651429623,
          0.8679549114321738,
          0.8285614525130021,
          0.9341963322535768,
          0.8999121072281916,
          0.9215859030826854,
          0.8636213174436018
        ],
        "recall": [
          0.9356666666656269,
          0.8761111111101376,
          0.8851111111101275,
          0.8561111111101598,
          0.8384444444435127,
          0.7909999999991211,
          0.962222222221153,
          0.9101111111100998,
          0.9297777777767446,
          0.8696666666657002
        ],
        "f1": [
          0.9335920127373488,
          0.8765493808030399,
          0.8995031566985899,
          0.8349588159817746,
          0.852944495961309,
          0.8093451518912644,
          0.9480021843815538,
          0.9049828698196206,
          0.9256637118132333,
          0.8666334445921922
        ],
        "accuracy": 0.8854222222222222,
        "macro_precision": 0.8853544219528826,
        "macro_recall": 0.8854222222212383,
        "macro_f1": 0.8852175224679927
      },
      "test": {
        "precision": [
          0.9323949905785964,
          0.8727618621297305,
          0.9057418988051099,
          0.8154911838782373,
          0.8678550891306867,
          0.8268850935275625,
          0.935924025760358,
          0.901253573783922,
          0.9182681687641724,
          0.8569232458538959
        ],
        "recall": [
          0.9347777777767391,
          0.8665555555545926,
          0.8851111111101275,
          0.8633333333323739,
          0.8384444444435127,
          0.7907777777768991,
          0.9526666666656081,
          0.9106666666656548,
          0.9237777777767513,
          0.8671111111101476
        ],
        "f1": [
          0.9335848587841357,
          0.8696476310383445,
          0.8953076656936725,
          0.8387305649513417,
          0.8528962933898969,
          0.8084284609526148,
          0.9442211281968642,
          0.9059356642817686,
          0.9210147285760711,
          0.8619870718203414
        ],
        "accuracy": 0.8833222222222222,
        "macro_precision": 0.8833499132212272,
        "macro_recall": 0.8833222222212408,
        "macro_f1": 0.8831754067685053
      }
    },
    {
      "logs": {
        "train_loss": [
          1.1583147652732002,
          0.9027800887213813,
          0.8415836828125848,
          0.8025166134940254,
          0.7712296739154392,
          0.7447318867365519,
          0.7220710373772515,
          0.7035136624654134,
          0.6864002821180556,
          0.6689438067860074,
          0.6531169022242228,
          0.6404476681603326,
          0.6289562256919013,
          0.6185969318389892
        ],
        "val_loss": [
          0.9315125431378682,
          0.8672627138985528,
          0.837131682311164,
          0.818081167432997,
          0.8117012415568033,
          0.7993666763093736,
          0.795538525920444,
          0.7927987172868517,
          0.7909363671196832,
          0.7917402569240994,
          0.7922548165215386,
          0.7924305834664239,
          0.7953117102940878,
          0.7936165343178643
        ],
        "val_acc": [
          0.8221,
          0.8508,
          0.8638222222222223,
          0.8730555555555556,
          0.8758333333333334,
          0.8818777777777778,
          0.8842444444444445,
          0.8857777777777778,
          0.8867777777777778,
          0.8876444444444445,
          0.8885555555555555,
          0.8880333333333333,
          0.8875111111111111,
          0.8886777777777778
        ]
      },
      "val": {
        "precision": [
          0.9310002207982655,
          0.8970061264583319,
          0.9055046908546337,
          0.826406131921811,
          0.8299154334029282,
          0.8409952606625106,
          0.9349163518608364,
          0.9305879608015275,
          0.917658621818371,
          0.8572197695694441
        ],
        "recall": [
          0.9369999999989588,
          0.8622222222212641,
          0.890111111110122,
          0.8505555555546104,
          0.872333333332364,
          0.7886666666657903,
          0.962444444443375,
          0.8863333333323484,
          0.9336666666656291,
          0.8845555555545727
        ],
        "f1": [
          0.9339904701346909,
          0.8792702913014512,
          0.8977419124084498,
          0.838306954426281,
          0.8505958779924323,
          0.8139908206922952,
          0.948480695793882,
          0.9079216886053929,
          0.9255934300381823,
          0.8706731507940126
        ],
        "accuracy": 0.8867888888888888,
        "macro_precision": 0.887121056814866,
        "macro_recall": 0.8867888888879035,
        "macro_f1": 0.8866565292187069
      },
      "test": {
        "precision": [
          0.9352429781532152,
          0.8902890173400111,
          0.9012456514410264,
          0.8248363207032039,
          0.8325374084677569,
          0.8333725305728675,
          0.934806269045565,
          0.9294953968058157,
          0.9128540305000948,
          0.8525986629276983
        ],
        "recall": [
          0.9323333333322973,
          0.8556666666657159,
          0.8923333333323418,
          0.85388888888794,
          0.871666666665698,
          0.7874444444435694,
          0.9543333333322729,
          0.8862222222212375,
          0.9311111111100765,
          0.8785555555545793
        ],
        "f1": [
          0.93378588415989,
          0.8726345559074928,
          0.8967673446725072,
          0.8391112031678575,
          0.8516528202744682,
          0.8097577646557403,
          0.9444688755800982,
          0.9073431495436427,
          0.9218921842183978,
          0.8653825056710756
        ],
        "accuracy": 0.8843555555555556,
        "macro_precision": 0.8847278265957256,
        "macro_recall": 0.8843555555545729,