{
  "config": {
    "model": "resnet18",
    "batch_size": 128,
    "lr": 1.4270932908042735e-05,
    "weight_decay": 1.3083169712235958e-06,
    "dropout": 0
  },
  "runs": [
    {
      "logs": {
        "train_loss": [
          1.1499702949311998,
          0.8941474440892537,
          0.834976497915056,
          0.7955057037777371,
          0.7642580907715691,
          0.7409023909886678,
          0.7189109414630466,
          0.6991562864515517,
          0.6814262400627136,
          0.6660448784192403,
          0.6505435675091213,
          0.6391163498560588,
          0.6255487742318048,
          0.616608641412523,
          0.6068928703202142,
          0.598491652891371
        ],
        "val_loss": [
          0.929459140586853,
          0.865862149863773,
          0.8344769872029623,
          0.8172371380064223,
          0.8073757683859931,
          0.8002895915773179,
          0.7951636021720039,
          0.7918435328377618,
          0.7920214745839437,
          0.7940256270302667,
          0.7911993364122178,
          0.7925326846228705,
          0.7928033551851909,
          0.7922032183647155,
          0.792014910390642,
          0.7930224258846706
        ],
        "val_acc": [
          0.8224222222222223,
          0.8519777777777777,
          0.8657777777777778,
          0.8729888888888889,
          0.8770444444444444,
          0.8811333333333333,
          0.8835,
          0.8853888888888889,
          0.8858888888888888,
          0.8849444444444444,
          0.8877444444444444,
          0.8870555555555556,
          0.8881666666666667,
          0.8890444444444444,
          0.8893555555555556,
          0.8890333333333333
        ]
      },
      "val": {
        "precision": [
          0.9340489100354828,
          0.8633932391946262,
          0.9254477785520755,
          0.8376507369351969,
          0.8679115591695865,
          0.8073864255356712,
          0.9374055687449412,
          0.9002630425242215,
          0.9126821370740283,
          0.8915038832656018
        ],
        "recall": [
          0.9378888888878467,
          0.8967777777767812,
          0.8841111111101286,
          0.8335555555546293,
          0.8417777777768424,
          0.8234444444435294,
          0.9651111111100387,
          0.9126666666656525,
          0.9395555555545115,
          0.8417777777768424
        ],
        "f1": [
          0.9359649559126605,
          0.8797689071438525,
          0.9043073026501778,
          0.8355981237582883,
          0.8546449270324675,
          0.8153363721380442,
          0.9510566029054169,
          0.9064224183053473,
          0.9259238931659296,
          0.8659275295785056
        ],
        "accuracy": 0.8876666666666667,
        "macro_precision": 0.8877693281031431,
        "macro_recall": 0.8876666666656803,
        "macro_f1": 0.887495103259069
      },
      "test": {
        "precision": [
          0.9334661795627881,
          0.8580424805199508,
          0.9196978500860897,
          0.8325458740788566,
          0.8651019710597412,
          0.8078947368412194,
          0.9379904097635811,
          0.9032435404058238,
          0.9127648017371941,
          0.8863716398627932
        ],
        "recall": [
          0.9368888888878478,
          0.8932222222212297,
          0.8793333333323562,
          0.8418888888879534,
          0.8436666666657292,
          0.8186666666657569,
          0.9563333333322707,
          0.9127777777767635,
          0.9335555555545182,
          0.8389999999990677
        ],
        "f1": [
          0.9351743974833139,
          0.8752789976686024,
          0.8990627612610809,
          0.8371913103961701,
          0.8542498684317885,
          0.8132450281119044,
          0.9470730583797085,
          0.9079856263890209,
          0.923043115021592,
          0.8620354993123918
        ],
        "accuracy": 0.8855333333333333,
        "macro_precision": 0.8857119483918037,
        "macro_recall": 0.8855333333323493,
        "macro_f1": 0.8854339662455573
      }
    },
    {
      "logs": {
        "train_loss": [
          1.1540978347990247,
          0.8974473945617676,
          0.8370996124903362,
          0.7985869670761956,
          0.7677438382466634,
          0.7410560333251953,
          0.7190255238427056,
          0.7011940175480312,
          0.6840279140366449,
          0.6669359570821126,
          0.6518069569799635,
          0.639223106151157,
          0.6275536222669813,
          0.6170576908217537
        ],
        "val_loss": [
          0.935593364768558,
          0.8708629116482205,
          0.8396190672980415,
          0.820233751074473,
          0.8132467046525743,
          0.8010903443972269,
          0.79740276272032,
          0.7938160480711195,
          0.7919090583377414,
          0.792590591790941,
          0.7927220362557306,
          0.7921673709869385,
          0.7954145631896125,
          0.7940341135342915
        ],
        "val_acc": [
          0.8195111111111111,
          0.8490444444444445,
          0.8627666666666667,
          0.8721333333333333,
          0.8746555555555555,
          0.8807333333333334,
          0.8832444444444445,
          0.8850444444444444,
          0.8867,
          0.8870333333333333,
          0.8885222222222222,
          0.8875,
          0.8874444444444445,
          0.8884333333333333
        ]
      },
      "val": {
        "precision": [
          0.9327647319440265,
          0.8938836514130905,
          0.9034358859185903,
          0.8305825773299479,
          0.8295694385808046,
          0.8367729831134653,
          0.9359238012761814,
          0.9305555555544693,
          0.9175302716254853,
          0.8589979439445308
        ],
        "recall": [
          0.9356666666656269,
          0.8638888888879289,
          0.8939999999990066,
          0.8443333333323951,
          0.8734444444434739,
          0.7928888888880078,
          0.9607777777767101,
          0.8858888888879045,
          0.9345555555545171,
          0.8819999999990199
        ],
        "f1": [
          0.9342134407500295,
          0.8786303487127468,
          0.8986931704710429,
          0.837401504724468,
          0.8509417572886068,
          0.8142400680287121,
          0.948187943900526,
          0.9076730368963435,
          0.9259646561982801,
          0.8703470154483589
        ],
        "accuracy": 0.8867444444444444,
        "macro_precision": 0.8870016840700592,
        "macro_recall": 0.8867444444434589,
        "macro_f1": 0.8866292942419115
      },
      "test": {
        "precision": [
          0.9360562437217541,
          0.8871171274510873,
          0.897433035713284,
          0.8303959965178085,
          0.8298343707133349,
          0.8295786156171009,
          0.9370422997038615,
          0.928413198086827,
          0.9114254624582029,
          0.8561033883570198
        ],
        "recall": [
          0.9319999999989643,
          0.8592222222212674,
          0.8934444444434516,
          0.8481111111101687,
          0.8739999999990288,
          0.7896666666657892,
          0.9525555555544971,
          0.8847777777767946,
          0.9306666666656325,
          0.8758888888879156
        ],
        "f1": [
          0.934023713054771,
          0.8729468821708045,
          0.8954342934400075,
          0.8391600653602324,
          0.8513447647410605,
          0.8091307515342505,
          0.9447352421203495,
          0.906070427954018,
          0.9209455694910118,
          0.8658831232949562
        ],
        "accuracy": 0.8840333333333333,
        "macro_precision": 0.8843399738340281,
        "macro_recall": 0.884033333332351,