{
  "config": {
    "model": "resnet18",
    "batch_size": 64,
    "lr": 0.00010413312059765224,
    "weight_decay": 1.623063773704276e-05,
    "dropout": 0
  },
  "runs": [
    {
      "logs": {
        "train_loss": [
          0.948219233279758,
          0.797820503171285,
          0.7328961545520358,
          0.6835850449032254,
          0.646179166009691,
          0.6163501895268758,
          0.5961363348007203,
          0.5808447056982252,
          0.5681570562362671,
          0.5584793927192688,
          0.5494254272037082,
          0.5426270146158007,
          0.5384100030263265,
          0.5341472906324598,
          0.5301899438858032,
          0.5250323378880819,
          0.5222725761307611,
          0.5199127739164564,
          0.5176337658670214,
          0.515666293059455
        ],
        "val_loss": [
          0.8479134687211778,
          0.7990205906126234,
          0.8006558869573805,
          0.7929405707359314,
          0.7875396707852681,
          0.7906986161549886,
          0.79643860206604,
          0.7940871086332533,
          0.7843516843795776,
          0.7895839977794223,
          0.7867891267988417,
          0.7835937900967068,
          0.7811796078575982,
          0.7839855978647868,
          0.7717100190162659,
          0.7864642349878946,
          0.7825632925245497,
          0.7845075182702806,
          0.7728024478488498,
          0.7803183085759481
        ],
        "val_acc": [
          0.8543444444444445,
          0.8761777777777778,
          0.8769666666666667,
          0.8801,
          0.8845444444444445,
          0.8842444444444445,
          0.8805111111111111,
          0.8835777777777778,
          0.8856333333333334,
          0.8839111111111111,
          0.8877333333333334,
          0.8873111111111112,
          0.8899666666666667,
          0.8884111111111112,
          0.8919,
          0.8859777777777778,
          0.8892666666666666,
          0.8875222222222222,
          0.8918555555555555,
          0.89
        ]
      },
      "val": {
        "precision": [
          0.9291793976419367,
          0.8614782700635915,
          0.9204308547591841,
          0.8707466918704267,
          0.8622482850178553,
          0.8179523757260858,
          0.9241635687722526,
          0.9113701341533853,
          0.925480238462215,
          0.8951302113734728
        ],
        "recall": [
          0.9461111111100597,
          0.9052222222212163,
          0.8829999999990188,
          0.818888888887979,
          0.8658888888879267,
          0.8282222222213019,
          0.9667777777767035,
          0.9208888888878656,
          0.9314444444434095,
          0.8516666666657203
        ],
        "f1": [
          0.9375688124404674,
          0.8828086854718491,
          0.9013269769677869,
          0.8440219830935279,
          0.8640647471888856,
          0.8230552591741878,
          0.9449904918790586,
          0.9161047811160672,
          0.9284527583172202,
          0.8728577072380521
        ],
        "accuracy": 0.8918111111111111,
        "macro_precision": 0.8918180027840407,
        "macro_recall": 0.8918111111101201,
        "macro_f1": 0.8915252202887103
      },
      "test": {
        "precision": [
          0.9282124125863983,
          0.8516926946851988,
          0.9150401836958495,
          0.8689848963811392,
          0.8610896231618288,
          0.8194735102975883,
          0.9261795228405625,
          0.9158301158291055,
          0.9250890471939835,
          0.8909985935291947
        ],
        "recall": [
          0.9438888888878401,
          0.9028888888878855,
          0.8855555555545715,
          0.8246666666657503,
          0.8657777777768157,
          0.8266666666657481,
          0.9618888888878201,
          0.9224444444434194,
          0.9234444444434183,
          0.8446666666657281
        ],
        "f1": [
          0.9359850104246168,
          0.8765438707381691,
          0.9000564602741808,
          0.846245933090367,
          0.8634273316936338,
          0.8230543674755386,
          0.9436965121425268,
          0.9191253755692104,
          0.9242660092338515,
          0.8672142318266667
        ],
        "accuracy": 0.8901888888888889,
        "macro_precision": 0.8902590600200849,
        "macro_recall": 0.8901888888878997,
        "macro_f1": 0.8899615102468763
      }
    },
    {
      "logs": {
        "train_loss": [
          0.9489662872420417,
          0.798905676428477,
          0.7319258135689629,
          0.683589319758945,
          0.6460551442464193,
          0.6181488723013137,
          0.5971936349974738,
          0.5810322680049472,
          0.5679452290323046,
          0.5580680587874518,
          0.5496992004712423,
          0.5428679044087728,
          0.5380735854890611,
          0.5333903535842895,
          0.5292737737867568,
          0.5256744344499376,
          0.5221404499371847,
          0.5203594856686062,
          0.5182806094699436,
          0.516459427218967,
          0.5146342332416111,
          0.5124119365268284,
          0.5111153503206041,
          0.5100922088940938,
          0.5090167871263293,
          0.5076293951670329,
          0.5074427503055996,
          0.5065187664137947,
          0.5056059553252326,
          0.5050898496309916,
          0.5046306595908271,
          0.5041268333646987,
          0.5035812368498909,
          0.50334970975452,
          0.5029480986171299,
          0.502634409544203,
          0.5024856408225166,
          0.5024036933263143,
          0.5020869605382283,
          0.5019896949132283,
          0.5019029759618971,
          0.5018356651835971,
          0.5017040048917134,
          0.5016813158353169,
          0.5016319870101081,
          0.5015805987675984,
          0.5015538592656453,
          0.5015077536900838,
          0.5015353771633572,
          0.5015285228411357
        ],
        "val_loss": [
          0.8446719768842061,
          0.8210823718918694,
          0.8106406725353665,
          0.790428351020813,
          0.7871266458087497,
          0.7962858625835842,
          0.7887809721734789,
          0.7879237940364414,
          0.7896020618014865,
          0.7855219449255202,
          0.7788335775269403,
          0.7834569078551399,
          0.7907140728844537,
          0.7763039183192783,
          0.7820847836706374,
          0.7851865672429402,
          0.7744885584301419,
          0.7811051651424832,
          0.7757184572961595,
          0.7746546798494127,
          0.7780229447046916,
          0.7738547275331286,
          0.7770648334291246,
          0.7704801558176676,
          0.7717547652880351,
          0.7718611489507887,
          0.7693679780430264,
          0.7728801229053074,
          0.7679215839174058,
          0.7707174916585287,
          0.7646905397203233,
          0.7623935547616747,
          0.7625004744211833,
          0.7617812835269504,
          0.7598761556413438,
          0.75775254834493,
          0.7570791465865241,
          0.7564893684493171,
          0.7548636426183912,
          0.7567297022501628,
          0.7545406660397848,
          0.7549675598144531,
          0.7537565346399943,
          0.7537437708324857,
          0.7529358426411946,
          0.7539152026706272,
          0.751526507112715,
          0.7519136987050374,
          0.7537096668455335,
          0.751768915992313
        ],