{
  "config": {
    "model": "resnet18",
    "batch_size": 64,
    "lr": 2.8185351651853705e-05,
    "weight_decay": 4.082500450261392e-06,
    "dropout": 0.3
  },
  "runs": [
    {
      "logs": {
        "train_loss": [
          1.0613382174597845,
          0.8634068600124783,
          0.7987713246557447,
          0.7538920459747315,
          0.7160552186012268,
          0.6836094307157728,
          0.6582594994227091,
          0.6354745316187541,
          0.616378786722819,
          0.6004167381392584,
          0.586910682826572,
          0.5771489587783813,
          0.568329928249783,
          0.5607127013524373,
          0.5544026843388875,
          0.5490234754562378,
          0.5443820275624593,
          0.5405604271041022,
          0.5369474168671502,
          0.5343093141025967,
          0.531467647711436,
          0.5294520290586684,
          0.5273122462908427,
          0.5253112365510728,
          0.5239788333786859,
          0.5223669206725227,
          0.5212431634373135,
          0.5201965809716119,
          0.5190973602930705,
          0.5180918826527066,
          0.5173723678588867,
          0.5167078852865431,
          0.5159189460436503,
          0.5154597401830885,
          0.5148835966851976,
          0.5143271953794691,
          0.5141246870570713,
          0.5137415134959751,
          0.5134475379519993,
          0.5131664728800456,
          0.5129465007887947,
          0.5126552253299289,
          0.5125733737945557,
          0.5125268365012274,
          0.5123173967573378,
          0.5122317600568136,
          0.512143763340844
        ],
        "val_loss": [
          0.8657523558298746,
          0.818540715736813,
          0.8018831821759542,
          0.7872946530659993,
          0.7885572701772054,
          0.7816585047615899,
          0.7841342347039116,
          0.7826162622663709,
          0.7857763087802463,
          0.7813538459036086,
          0.7816975199487475,
          0.7793507271660699,
          0.7762872358957926,
          0.7789915760464139,
          0.7747295523325602,
          0.7723241753260295,
          0.7725078611797757,
          0.7690292737960815,
          0.7660640245225695,
          0.7687722585254245,
          0.7654808814366658,
          0.7620569881863064,
          0.7620913412306044,
          0.7633109751171536,
          0.7598061095555624,
          0.7595980356640286,
          0.759332822227478,
          0.7575362955093384,
          0.7560050437927246,
          0.7588802803251479,
          0.7564660135269166,
          0.755926775126987,
          0.7553109985669454,
          0.7557648033883837,
          0.7553428543938531,
          0.7541136241700914,
          0.7548001947402954,
          0.7548600508371989,
          0.7543926229053074,
          0.7540729001151191,
          0.7539955206553142,
          0.7537635108206007,
          0.7550719545364379,
          0.7542126143879361,
          0.754804587788052,
          0.754211658498976,
          0.7541847522735595
        ],
        "val_acc": [
          0.8519555555555556,
          0.8721,
          0.8797666666666667,
          0.8857777777777778,
          0.8871333333333333,
          0.8896222222222222,
          0.8884666666666666,
          0.8888888888888888,
          0.8888333333333334,
          0.8912111111111111,
          0.8924222222222222,
          0.8922222222222222,
          0.8928444444444444,
          0.8923111111111112,
          0.8937777777777778,
          0.8932333333333333,
          0.8928888888888888,
          0.8946666666666667,
          0.8959222222222222,
          0.8944888888888889,
          0.8954111111111112,
          0.8968111111111111,
          0.8966444444444445,
          0.8951444444444444,
          0.8964,
          0.8961777777777777,
          0.8969444444444444,
          0.8974666666666666,
          0.8971444444444444,
          0.8972222222222223,
          0.8976666666666666,
          0.898,
          0.8979444444444444,
          0.8981222222222223,
          0.8976777777777778,
          0.8981111111111111,
          0.8985555555555556,
          0.8983777777777778,
          0.8978555555555555,
          0.8988,
          0.8982888888888889,
          0.8984888888888889,
          0.8984888888888889,
          0.8981777777777777,
          0.8984888888888889,
          0.8980666666666667,
          0.8981222222222223
        ]
      },
      "val": {
        "precision": [
          0.9536326714790685,
          0.8783606557367449,
          0.9090405495225913,
          0.8546020453525404,
          0.8730549647365128,
          0.8410180324117312,
          0.9515828677829427,
          0.9200132758038277,
          0.9188720173525825,
          0.8818826708694044
        ],
        "recall": [
          0.9392222222211786,
          0.8929999999990077,
          0.9116666666656537,
          0.854222222221273,
          0.8665555555545926,
          0.818777777776868,
          0.9652222222211496,
          0.9239999999989732,
          0.9413333333322873,
          0.8702222222212552
        ],
        "f1": [
          0.9463725879235473,
          0.8856198297101094,
          0.910351709189614,
          0.8544120865749564,
          0.8697931138303048,
          0.8297488971506221,
          0.9583540134227162,
          0.9220023232877089,
          0.9299670641544832,
          0.8760136407684938
        ],
        "accuracy": 0.8984222222222222,
        "macro_precision": 0.8982059751047945,
        "macro_recall": 0.8984222222212239,
        "macro_f1": 0.8982635266012557
      },
      "test": {
        "precision": [
          0.9521330768349529,
          0.879991200087031,
          0.906295103807143,
          0.854901094042596,
          0.8767000112387583,
          0.8391131324606718,
          0.9491245457538275,
          0.9175690607724667,
          0.9150453955891535,
          0.8782015434505331
        ],
        "recall": [
          0.93488888888785,
          0.8888888888879012,
          0.9069999999989922,
          0.8595555555546004,
          0.8666666666657036,
          0.8199999999990888,
          0.9576666666656025,
          0.9226666666656413,
          0.9406666666656214,
          0.872444444443475
        ],
        "f1": [
          0.9434321865113853,
          0.884417661242032,
          0.9066474098932016,
          0.8572220017584642,
          0.871654462228336,
          0.8294464687283067,
          0.9533764675392813,
          0.9201107983231185,
          0.9276791534483257,
          0.875313522673121
        ],
        "accuracy": 0.8970444444444444,
        "macro_precision": 0.8969074164037133,
        "macro_recall": 0.8970444444434478,